test_index	y_test	OCR_proba_0	OCR_proba_1	OCR_proba_2	gene_counts_proba_0	gene_counts_proba_1	gene_counts_proba_2	consensus_peak_proba_0	consensus_peak_proba_1	consensus_peak_proba_2
0	1	0.6712140988908302	0.27379168283122146	0.05499421827794832	0.40417007699563173	0.30058641702311656	0.29524350598125176	0.45598708271062915	0.539683055090367	0.004329862199003867
1	0	0.40535923676568436	0.41282384125505217	0.18181692197926355	0.3923164033627414	0.4861925368345939	0.12149105980266466	0.38160610688876595	0.3628095756796778	0.25558431743155624
2	1	0.13173129452620955	0.8169784954783011	0.05129020999548937	0.3786338136712247	0.42730850628624073	0.19405768004253457	0.17414906723492282	0.529466762901724	0.29638416986335314
3	1	0.03606690210206894	0.9336833380355842	0.03024975986234682	0.4344428900463631	0.3483870412994052	0.21717006865423172	0.3905403978813419	0.5160492857858013	0.09341031633285679
4	0	0.8306084446449411	0.1351255076544645	0.03426604770059435	0.3660192448043096	0.5034419331142511	0.13053882208143922	0.6729060770765	0.32268586216084194	0.0044080607626582
5	1	0.49463308043522214	0.391503687136792	0.11386323242798584	0.4829201083392796	0.3752792939404437	0.14180059772027673	0.48782977474645955	0.4253138376723946	0.08685638758114582
6	0	0.5811393155591361	0.40286361832046014	0.01599706612040376	0.3359273869886617	0.6287605496947318	0.03531206331660645	0.21802236926526675	0.7679055398056517	0.014072090929081476
7	0	0.16687090526422046	0.5123499804755097	0.3207791142602698	0.14751291035347955	0.795157571369766	0.05732951827675444	0.01000360618872577	0.8381190647475641	0.1518773290637102
8	2	0.016596876859768264	0.6550100573706773	0.32839306576955446	0.18084852698772083	0.7767109029138038	0.04244057009847524	0.07462222626082672	0.5241503024464652	0.4012274712927082
9	0	0.1694475269792081	0.7473050073699246	0.0832474656508673	0.41615341938139844	0.5365002406097098	0.04734634000889177	0.42543569847566304	0.5627853657570927	0.011778935767244177
10	0	0.8929491319436945	0.06879211384620242	0.038258754210102976	0.8205405711794184	0.10536635607766592	0.07409307274291563	0.5879991549920489	0.3948796658591478	0.01712117914880332
11	2	0.37064493932705905	0.5676405802120282	0.06171448046091275	0.27230018335600775	0.5691082946899376	0.15859152195405465	0.4827216403053036	0.37847188857739394	0.13880647111730238
12	0	0.2850365213692562	0.47021391998886153	0.2447495586418822	0.1956617693808426	0.43562091802249175	0.3687173125966656	0.0461297377551888	0.7080911208435189	0.24577914140129223
13	1	0.5424039358240603	0.44624929174276656	0.011346772433172997	0.3456021648772228	0.6417957147878637	0.012602120334913425	0.209162526635164	0.7891642836631978	0.0016731897016382753
14	1	0.2716968850280184	0.6773428011941598	0.05096031377782181	0.16707391408032932	0.770010416909724	0.06291566900994666	0.2325884894567379	0.715833434778478	0.051578075764784015
15	1	0.055794475325320614	0.9268756064905297	0.01732991818414972	0.21422162703670686	0.7315086860810479	0.05426968688224524	0.4046824496467929	0.583715702702425	0.01160184765078207
16	0	0.4275817103206268	0.5605134253778197	0.011904864301553542	0.5239222769421898	0.4590862504528257	0.016991472604984473	0.15115424097130836	0.8300158756570801	0.01882988337161157
17	0	0.7251074089112034	0.2511889647682161	0.02370362632058047	0.20026190870850216	0.7951286271982979	0.0046094640931999276	0.45376035473031756	0.5406107317868485	0.005628913482834019
18	1	0.028827463945502896	0.19950842565601015	0.771664110398487	0.18998014367684837	0.7947920688257689	0.015227787497382591	0.3170637379168986	0.3972494136701192	0.28568684841298225
19	1	0.4451592693788183	0.5319780192520476	0.022862711369134064	0.42016876019358856	0.5407063163619362	0.03912492344447516	0.31613020846794815	0.6751309578129766	0.008738833719075271
20	0	0.6377167826476041	0.24621096562665956	0.11607225172573639	0.5786512324257336	0.3611077148951447	0.060241052679121665	0.4206702822385567	0.40608231633460573	0.1732474014268376
21	1	0.0876510715144177	0.7747406583211754	0.13760827016440683	0.03925478703908416	0.9398613538384848	0.020883859122431122	0.06383836572938026	0.7774050219339433	0.15875661233667634
22	1	0.36219334125096586	0.6208079391037108	0.016998719645323342	0.3536474790007072	0.5279566319507384	0.11839588904855441	0.6494189063836875	0.34020610571542215	0.010374987900890418
23	1	0.019979377967145193	0.9627071298149584	0.017313492217896475	0.3393662717157449	0.6192076074986715	0.04142612078558346	0.025301191181844304	0.9482222289812506	0.02647657983690507
24	1	0.22322809615889716	0.752307824095503	0.024464079745599956	0.46952376849079697	0.4458423398517087	0.08463389165749434	0.8817319266347957	0.09628906440082029	0.021979008964384105
25	1	0.27658535619148056	0.7091341158283107	0.014280527980208804	0.3496883165264919	0.6467250852375505	0.0035865982359576474	0.04791159158375471	0.9518623776043817	0.00022603081186350137
26	1	0.7673237720486936	0.14766096287239985	0.08501526507890646	0.38036887032772465	0.6130563853937926	0.00657474427848269	0.32950759289892995	0.6694569231549066	0.001035483946163513
27	1	0.03753378447824104	0.9475075675218688	0.01495864799989026	0.34050833075067266	0.4252147853343395	0.234276883914988	0.0101817631930324	0.783193793238241	0.20662444356872667
28	1	0.314038007737037	0.6831901786671105	0.0027718135958525215	0.38063026521019205	0.5814351526439308	0.03793458214587708	0.8130600085055377	0.17512946973762475	0.011810521756837613
29	0	0.6008373723871926	0.38149653143834134	0.017666096174466135	0.4282762921402929	0.566502947292683	0.005220760567024159	0.6226138951702831	0.37619350898876797	0.0011925958409489863
30	1	0.5643990889230452	0.41282223647575117	0.022778674601203638	0.333046890038134	0.6407084068065974	0.02624470315526871	0.5887247661370312	0.4083032787872891	0.002971955075679627
31	1	0.4364813556928054	0.5416255876196253	0.021893056687569228	0.8600966690112828	0.13430911955027816	0.005594211438439012	0.5168259163667842	0.4639972956417835	0.019176787991432156
32	0	0.041504262332568556	0.9474108474002471	0.01108489026718433	0.2451812564962045	0.6780666526503047	0.0767520908534907	0.3141300936178628	0.6414233323860614	0.04444657399607579
33	2	0.0170050789436624	0.6034879585995742	0.37950696245676346	0.1414455574423462	0.46012366718404074	0.3984307753736131	0.07220460790758565	0.4416484677397527	0.4861469243526617
34	1	0.38110903111241407	0.4792326677010635	0.13965830118652237	0.4725032449596028	0.3831370798887926	0.1443596751516045	0.11982158012813458	0.6317653637421229	0.2484130561297425
35	1	0.027023304958534552	0.9545851954496869	0.018391499591778538	0.23826843894909286	0.6818557573353116	0.07987580371559559	0.07303341707725758	0.8697009261143598	0.05726565680838269
36	0	0.927150470635684	0.06860869944856766	0.004240829915748389	0.45612810613294547	0.4120415225930652	0.13183037127398928	0.8614682235140144	0.12659112355537183	0.011940652930613653
37	0	0.4848601996015966	0.4694869267557147	0.04565287364268877	0.586446103355707	0.40246322632139786	0.011090670322895119	0.38916605518952935	0.5969992932727666	0.013834651537704091
38	0	0.44498574644342065	0.5543450722363356	0.000669181320243808	0.21779728330353162	0.396147011056919	0.38605570563954933	0.25570318924919777	0.7434517550673071	0.0008450556834951778
39	0	0.26091837218565084	0.6604980662428322	0.07858356157151687	0.28644686984134804	0.6216878079549683	0.09186532220368382	0.22185490542339037	0.4602764622797548	0.31786863229685475
40	1	0.40218058212820623	0.5586195268190429	0.039199891052750915	0.02951724345931625	0.8955589971378598	0.07492375940282402	0.27444569025711485	0.6966212059359903	0.02893310380689478
41	1	0.6828424176363074	0.3115268883356704	0.005630694028022157	0.6043138711766514	0.3930721266015353	0.0026140022218132243	0.33364422620999407	0.6636060467669606	0.0027497270230454588
42	1	0.12185292855697076	0.5911581333591388	0.28698893808389053	0.04545392830693403	0.8139407071262593	0.14060536456680675	0.254831400651544	0.7368936445288434	0.008274954819612438
43	0	0.6245193331747668	0.3639369547638173	0.011543712061415898	0.5714784522012052	0.3582124944181532	0.07030905338064158	0.556411796156303	0.4430182434431961	0.000569960400500911
44	0	0.6581494864997727	0.3279458598174613	0.013904653682766095	0.4289006090737808	0.5649830715983216	0.006116319327897679	0.4559662464229224	0.5189197240213178	0.025114029555759712
45	0	0.9222578407037405	0.07441415102396597	0.0033280082722935713	0.6274119474121695	0.3435950934811121	0.028992959106718317	0.6567331393283758	0.3391566945354904	0.004110166136133741
46	0	0.7378516369548529	0.254505379903893	0.007642983141254159	0.5828483285661076	0.21576999185371326	0.2013816795801792	0.7856474794104201	0.21420406711031106	0.00014845347926887597
47	1	0.6063405457601473	0.37971535993595845	0.013944094303894226	0.27909926498301013	0.7109843402934825	0.009916394723507442	0.5663343972230587	0.42369461017247295	0.009970992604468371
48	1	0.12064696682061023	0.5488016401100624	0.33055139306932735	0.0761036901641654	0.7106204260022362	0.2132758838335984	0.08380418895913949	0.5623894125442512	0.3538063984966093
49	0	0.7789782387221597	0.2206317864723255	0.0003899748055149232	0.48876954612130485	0.4202751243942417	0.0909553294844535	0.9111358004524036	0.07809054238552912	0.0107736571620674
50	1	0.5050188301059003	0.45585227540205747	0.03912889449204231	0.35946135308804744	0.6068402036285876	0.033698443283365014	0.6414319819078985	0.3277645862441606	0.030803431847940908
51	0	0.5431191123049369	0.4551681696228253	0.0017127180722377644	0.23679275758742935	0.7563594947897303	0.006847747622840318	0.327574365954256	0.6528350067342424	0.019590627311501584
52	1	0.08010045388891458	0.828729222901464	0.0911703232096213	0.2373919811268047	0.7515905512235413	0.011017467649653917	0.41953558812844766	0.5041894526863019	0.07627495918525044
53	1	0.04883265572583403	0.9392035096024948	0.011963834671671192	0.18766381467891666	0.8010815697990292	0.011254615522054236	0.36245243785260106	0.6311420030630099	0.00640555908438898
54	1	0.33811178214547416	0.3665856782662929	0.295302539588233	0.27494738415365766	0.5586926155250163	0.16636000032132606	0.38427908539895245	0.3490139767537765	0.26670693784727106
55	1	0.06207222839650726	0.7846651532787958	0.15326261832469693	0.15573101591219388	0.574564654695437	0.2697043293923691	0.17358113981744483	0.5570118524299247	0.26940700775263055
56	1	0.012117409206053295	0.9120749980817986	0.07580759271214804	0.10523435872693038	0.7174072721332093	0.1773583691398604	0.26037687760162237	0.4500193096918408	0.2896038127065368
57	1	0.38753105129769816	0.28623567869619687	0.32623327000610497	0.5197329282157199	0.27408210862503624	0.2061849631592438	0.3037811269813805	0.6251141306410882	0.07110474237753121
58	1	0.09974007081352958	0.7088078764489466	0.19145205273752378	0.3117655508936306	0.5402926300263147	0.14794181908005474	0.06243369363814552	0.7616278599324812	0.17593844642937329
59	2	0.2797087046375519	0.1865513056960455	0.5337399896664027	0.15483915408135082	0.502860199232622	0.34230064668602705	0.14372143309111646	0.7084149429814303	0.14786362392745328
60	1	0.015214957440301902	0.9341757985165176	0.050609244043180485	0.058256370649149354	0.5650327098329645	0.37671091951788616	0.12580571804743176	0.5999937012806837	0.2742005806718845
61	2	0.05616581680557206	0.15769933434944217	0.7861348488449856	0.12422300414197134	0.5951524234076433	0.28062457245038536	0.10685113183788882	0.7091131170448038	0.18403575111730738
62	2	0.07762879532057393	0.7990851934160608	0.12328601126336529	0.3834144787136522	0.3425932851982358	0.273992236088112	0.27739284533324793	0.5806740437156076	0.14193311095114444
63	2	0.24637359226484346	0.5643163313991885	0.18931007633596816	0.24022978246145732	0.34074717310457414	0.4190230444339686	0.24721021532452922	0.49245642233578324	0.2603333623396875
64	1	0.306546859884347	0.5814717947124609	0.111981345403192	0.6257550297733011	0.21604570811095103	0.1581992621157479	0.36929255243206854	0.28904316713435135	0.34166428043358005
65	2	0.13314018184787546	0.7463034078542302	0.12055641029789436	0.2596507246887256	0.5579179498784135	0.18243132543286097	0.03814900668027315	0.6811673634450387	0.28068362987468815
66	2	0.22816936195622653	0.398651224366046	0.3731794136777275	0.06859891925800801	0.6009223684677679	0.33047871227422415	0.2296545534149399	0.5030174267674515	0.2673280198176085
67	1	0.1444225034799234	0.3627166507198894	0.49286084580018724	0.2736435585549578	0.6650926084008512	0.06126383304419105	0.27398783077112737	0.3915307123604383	0.3344814568684343
68	0	0.29004021671446467	0.6931616246444099	0.01679815864112537	0.1460635748715374	0.6969642916500419	0.15697213347842062	0.41906753423926907	0.43286824066179563	0.1480642250989353
69	2	0.09918244510468567	0.3685964456134659	0.5322211092818484	0.0684132257842494	0.3878899474096554	0.5436968268060952	0.44868124969258777	0.17538425916423525	0.375934491143177
70	1	0.20632917803882508	0.7196507146701446	0.07402010729103019	0.05941335845055037	0.577980766480198	0.36260587506925157	0.14139957763650665	0.696459106338542	0.16214131602495138
71	1	0.12506783300083668	0.8075653027559154	0.06736686424324778	0.2161728742667264	0.39519660199955836	0.38863052373371526	0.2824521032125957	0.42550947846509746	0.29203841832230687
72	0	0.2727088437804926	0.47275668399551146	0.2545344722239959	0.3533995367900138	0.4945090710984898	0.1520913921114965	0.6398576811498053	0.13160785387261523	0.22853446497757943
73	1	0.11559217665502974	0.8470707702681421	0.03733705307682812	0.07138217857167815	0.36684076461433146	0.5617770568139905	0.1162324419716411	0.4314377451864932	0.45232981284186574
74	2	0.37574304705768924	0.24674735058691435	0.3775096023553965	0.10547340111373593	0.24652155715600058	0.6480050417302635	0.28646374310655737	0.3080050976818855	0.40553115921155714
75	1	0.06459367591129518	0.8452462041526765	0.0901601199360284	0.45073796639559055	0.4067878706747874	0.14247416292962203	0.1633200116753555	0.6391064940554867	0.19757349426915785
76	1	0.3790172640719048	0.40019888871672	0.22078384721137526	0.37840581180143634	0.3292206511664166	0.2923735370321472	0.2995924496060579	0.5296268290419185	0.1707807213520236
77	0	0.21343016050776373	0.5347336213589918	0.2518362181332444	0.8172633498484293	0.08157932546823536	0.10115732468333542	0.10450521464598848	0.5867512403332373	0.3087435450207742
78	2	0.1317384341666004	0.6791720814294181	0.18908948440398154	0.2882022105822842	0.3346642530231261	0.37713353639458974	0.15145977090081372	0.7052941204207365	0.14324610867844975
79	2	0.34792160019932283	0.5710159589213378	0.08106244087933945	0.041830549797518886	0.5803584772312655	0.3778109729712156	0.09645072679166489	0.7107335923981216	0.19281568081021336
80	0	0.2446338674492455	0.6354794455962218	0.1198866869545326	0.3566645805131072	0.562729350984752	0.08060606850214085	0.2706440579686696	0.5411204306425023	0.18823551138882819
81	1	0.07536966264741825	0.6416201613357334	0.28301017601684836	0.26078841248463497	0.6438290564368471	0.09538253107851792	0.3467527061213538	0.30867066535039855	0.34457662852824783
82	1	0.5705537591501942	0.2281952498983885	0.20125099095141727	0.06454110364395524	0.4356493731990349	0.4998095231570098	0.16722962719802667	0.5204734622817315	0.31229691052024183
83	2	0.23246353422340627	0.7315712318245523	0.035965233952041285	0.18621218689775587	0.7972116063462762	0.016576206755967958	0.4986177518208117	0.3252195145467076	0.17616273363248072
84	1	0.1504889233146686	0.6869134280644001	0.1625976486209311	0.16410145129744783	0.6894867199631668	0.14641182873938532	0.05397453616183101	0.7027671547480953	0.24325830909007382
85	1	0.11727733025704819	0.7667438685905363	0.11597880115241543	0.26468596217792384	0.6847485952479925	0.050565442574083797	0.4893451544072187	0.4510157988137869	0.05963904677899439
86	2	0.2129113918505936	0.5893719414690762	0.19771666668033006	0.11392702309084572	0.7015908406517452	0.18448213625740903	0.015516384933476615	0.5849158539615901	0.39956776110493336
87	1	0.31234580507168247	0.4257234567445434	0.26193073818377416	0.2027988901095148	0.45856869399480016	0.33863241589568505	0.053248252456373824	0.6710216009264953	0.2757301466171309
88	1	0.23672069016005284	0.6714513276993658	0.09182798214058145	0.3406456208209236	0.3905227714780175	0.2688316077010589	0.13516278519955285	0.6794284863312129	0.18540872846923415
89	0	0.07829039614777523	0.6228042998569823	0.29890530399524234	0.19612753748756573	0.5443074240446655	0.25956503846776874	0.0754915934023944	0.7706923866070693	0.15381601999053626
90	0	0.23752611258018794	0.6269814530846689	0.13549243433514313	0.2889632593977065	0.6289369755517685	0.08209976505052498	0.30950515676497103	0.6058522003764925	0.08464264285853657
91	1	0.148166609394087	0.6048242507709249	0.24700913983498798	0.31536093726962283	0.35203792378577115	0.33260113894460613	0.1134587340868014	0.6127358258977734	0.27380544001542517
92	0	0.1861084363037375	0.6343160275490378	0.17957553614722466	0.07806975037855342	0.8125050004564208	0.10942524916502588	0.3788196927871663	0.2820836592418534	0.33909664797098027
93	2	0.06114954997633759	0.6779273672336661	0.2609230827899964	0.25216636604213016	0.1941124969367262	0.5537211370211437	0.07477404469216399	0.4302090763567031	0.4950168789511329
94	2	0.0725490365829099	0.43452000303636745	0.49293096038072265	0.5229933015382469	0.37054711492158104	0.10645958354017204	0.19463045851063998	0.20913000406678936	0.5962395374225706
95	0	0.10794821254583221	0.8469012718963386	0.04515051555782917	0.20512531780854812	0.5982737012083151	0.19660098098313675	0.10626655905349507	0.29608288577798886	0.5976505551685162
96	2	0.08582381994983439	0.42193243692954874	0.49224374312061697	0.08185622314227337	0.3457228946036111	0.5724208822541155	0.5569001423894272	0.27492787454769435	0.16817198306287842
97	2	0.14860823937793607	0.5541658263772345	0.29722593424482935	0.043785845954678944	0.9223004355459308	0.033913718499390295	0.0759573160647327	0.5197687699683068	0.4042739139669605
98	1	0.34766815174401855	0.5792153787835544	0.07311646947242693	0.06828557157143787	0.7066396018879367	0.2250748265406255	0.21472315835089206	0.7007641129516514	0.08451272869745663
99	1	0.18008507056959064	0.3155482682696466	0.5043666611607628	0.21614125816874255	0.6232020458797952	0.16065669595146223	0.35795255862863423	0.4886521310072225	0.15339531036414342
100	1	0.42844363434790084	0.41668061180785515	0.154875753844244	0.3546615048796693	0.5622862139883005	0.08305228113203018	0.2813101189848926	0.6074527510516753	0.111237129963432
101	0	0.4725056452517194	0.16359288324039256	0.36390147150788804	0.7380161371508245	0.1851719972786361	0.07681186557053936	0.5044741196532797	0.184182806634542	0.31134307371217823
102	1	0.16729879200544476	0.6790680489614541	0.15363315903310112	0.35729953272156517	0.5906063781606646	0.052094089117770255	0.05588900351922965	0.4902468219912716	0.4538641744894987
103	0	0.256051621266534	0.7055263884513128	0.038421990282153144	0.6496598083564634	0.31226883622594565	0.038071355417590914	0.3767411039882063	0.5317960281734853	0.09146286783830833
104	1	0.32956874009044657	0.469930817314203	0.2005004425953504	0.14212526168002496	0.38969836284775267	0.4681763754722223	0.42553195685578543	0.5216985005731797	0.052769542571034896
105	1	0.6652470468469611	0.3293367083287396	0.005416244824299338	0.0852512391636832	0.891309592005919	0.023439168830397844	0.48845547509187554	0.4965810077899094	0.014963517118214973
106	1	0.38786290137178875	0.589335116112503	0.02280198251570827	0.34481070429067157	0.5384081220161877	0.11678117369314078	0.37994432407621687	0.5589590098914247	0.06109666603235848
107	1	0.5885999289513731	0.3275036010192902	0.08389647002933663	0.42610421131683446	0.5180787689036541	0.05581701977951136	0.4222156101403027	0.5650414733576091	0.012742916502088163
108	0	0.6704830923290195	0.268675773411621	0.06084113425935945	0.4449853878270475	0.5022207143918503	0.05279389778110214	0.6622328933499433	0.31757246606203343	0.02019464058802332
109	0	0.7865096933148908	0.1795144251629152	0.03397588152219396	0.2658460225195087	0.6776080072289835	0.05654597025150771	0.5965538568812215	0.3946896751887828	0.008756467929995685
110	0	0.3654235640061872	0.6026435043308537	0.031932931662959026	0.4067139804962234	0.4936482930683345	0.09963772643544211	0.27459143339861464	0.7021416704839956	0.023266896117389857
111	1	0.634093833129541	0.3314452513170716	0.0344609155533874	0.2606262222367724	0.23755162740308133	0.5018221503601462	0.09017303302461359	0.7544280390245053	0.15539892795088106
112	1	0.10828398488800917	0.8577339142890779	0.03398210082291294	0.12433141622926658	0.8475889996640461	0.028079584106687396	0.3601556843216442	0.6152251914828558	0.024619124195499987
113	1	0.3658732698296346	0.47160313368661333	0.1625235964837521	0.4140458663298796	0.3839536871522304	0.20200044651789004	0.16104609008030832	0.7900818447742989	0.04887206514539281
114	2	0.6120615304339947	0.29697492032503264	0.0909635492409726	0.08779858256356084	0.8432248475019287	0.06897656993451047	0.3607920972302507	0.6349426433276767	0.004265259442072661
115	1	0.08842871656619385	0.873141887660088	0.038429395773718095	0.17038662734473795	0.7387551824863298	0.09085819016893225	0.06950981742639091	0.9112624731502552	0.01922770942335385
116	1	0.7814996443330392	0.21585556952149856	0.0026447861454622023	0.7284346119111831	0.22224692183155104	0.04931846625726594	0.3361669982962021	0.6052120736215708	0.05862092808222707
117	0	0.13171772039544524	0.8185388115066061	0.04974346809794857	0.15816411024473684	0.5540827758433057	0.2877531139119575	0.3527766101276979	0.392155289620429	0.25506810025187315
118	1	0.40767625235489763	0.44489077755801	0.14743297008709236	0.46451655049785634	0.41006542565118725	0.12541802385095638	0.5247969000360823	0.4001840735009132	0.07501902646300465
119	2	0.07470174609332732	0.7541469355745191	0.17115131833215355	0.10274772720308435	0.5966832977944662	0.30056897500244945	0.4306391720365122	0.38193286196140264	0.187427966002085
120	2	0.4358447166301418	0.380295262695183	0.18386002067467522	0.29726140174125165	0.5707178512199008	0.13202074703884759	0.15964589359216497	0.6497040784566052	0.19065002795122976
121	2	0.7142983646488554	0.23019581546592474	0.055505819885219854	0.13585744843773093	0.706023566376356	0.15811898518591314	0.5448528110048345	0.3988407242366394	0.0563064647585261
122	0	0.4998647793620962	0.47901060477900853	0.021124615858895315	0.40370321765712885	0.4694030274664911	0.12689375487638008	0.21728283812648538	0.7643983060916301	0.018318855781884524
123	0	0.21365669055438705	0.7634409996078014	0.022902309837811646	0.24110216427012962	0.740624459845966	0.018273375883904274	0.30952350263845196	0.6882226023955234	0.002253894966024648
124	1	0.1757399395919461	0.7412517019503463	0.08300835845770774	0.2856326373703217	0.6119328142954151	0.10243454833426309	0.11945574581053886	0.6158819823535832	0.26466227183587804
125	2	0.314190451072411	0.43592932636153536	0.2498802225660536	0.4543060008246103	0.42765761453785056	0.11803638463753914	0.2753656848866752	0.5018140126022302	0.22282030251109453
126	1	0.362143738301865	0.5535313106175562	0.0843249510805788	0.22216442629491887	0.5452279337125142	0.23260763999256692	0.23018271098984922	0.6921535047112819	0.07766378429886889
127	0	0.20022675737630377	0.6398091272050189	0.15996411541867733	0.3553416514660553	0.5353974434049965	0.10926090512894825	0.5780637047539005	0.38942904680630647	0.032507248439793156
128	0	0.5686824417328816	0.36813157049088724	0.06318598777623115	0.2225509834728935	0.7381880242241975	0.03926099230290885	0.45541209165187674	0.47649415934076006	0.06809374900736316
129	0	0.5208787557145024	0.3000080538183038	0.17911319046719368	0.1132431601924024	0.7031484383972776	0.1836084014103201	0.48517755210543617	0.2609134365668419	0.253909011327722
130	0	0.40111585301405467	0.5253494467388963	0.07353470024704915	0.3217990449939106	0.5114036680950252	0.16679728691106413	0.1277040944991297	0.75862740580983	0.11366849969104025
131	1	0.3841237114418159	0.45007954007460355	0.16579674848358059	0.2504934847906455	0.4747827859325254	0.27472372927682914	0.35451818480110875	0.4400929865253946	0.20538882867349673
132	0	0.6880976666330415	0.09729684999462129	0.2146054833723372	0.4132092348862288	0.5414053979274734	0.04538536718629781	0.09491384962125719	0.8731146165672824	0.03197153381146047
133	2	0.6958595535504898	0.295729670693337	0.008410775756173256	0.6072676560260163	0.33149141077322325	0.06124093320076034	0.45962879971767423	0.5366394192156527	0.0037317810666730755
134	1	0.1842050082126929	0.5208078711739518	0.29498712061335536	0.18291594529851155	0.6652842335753869	0.15179982112610155	0.18534714615124548	0.6963315517395102	0.11832130210924437
135	0	0.2644196747331332	0.6602922301421047	0.07528809512476212	0.21991990405599618	0.6453831306268013	0.13469696531720246	0.3394693305201482	0.47918184581616935	0.18134882366368255
136	0	0.7057565425050312	0.2410475621674164	0.05319589532755231	0.21572487965964263	0.4991543414869848	0.2851207788533725	0.2610493123286834	0.5364914541068978	0.20245923356441872
137	1	0.3535859680696248	0.623057143806682	0.02335688812369313	0.08776534722540034	0.44742317590374786	0.4648114768708518	0.34958405297318346	0.6266427530380193	0.023773193988797212
138	0	0.48297751371493686	0.4864532707355506	0.030569215549512415	0.3486413888430862	0.6313661926534636	0.01999241850345017	0.4979552327836832	0.3693619479087416	0.13268281930757514
139	1	0.5362464750393158	0.4516610579232963	0.012092467037387799	0.2675545698663975	0.6759515469256527	0.05649388320794981	0.37729312091466677	0.6081975837881359	0.01450929529719735
140	2	0.26077561005210875	0.7164595193924108	0.022764870555480363	0.530445704409592	0.3809466871860702	0.08860760840433769	0.3429832200491563	0.40722935033222524	0.24978742961861844
141	0	0.8222056663589314	0.16834556751323007	0.009448766127838454	0.26390216232455804	0.6523386298910069	0.08375920778443506	0.6342445951832979	0.35305563197516654	0.012699772841535562
142	0	0.47103757925974893	0.273746011798986	0.2552164089412651	0.23423604266500594	0.6354061365583993	0.13035782077659472	0.35184741561202415	0.4366490909257676	0.21150349346220831
143	2	0.6465037720675058	0.24720587364968546	0.10629035428280881	0.18480138224685352	0.7496365000150353	0.06556211773811119	0.26525229466690037	0.709151740476336	0.025595964856763746
144	1	0.5574998728124432	0.3705505516247889	0.07194957556276803	0.2405503495761524	0.5663870384536924	0.1930626119701552	0.08005771888216205	0.9116942517432455	0.008248029374592509
145	0	0.6313095304700101	0.36642621033247424	0.0022642591975157215	0.5947137104180872	0.34779529893519223	0.057490990646720565	0.3446047973416151	0.6415665630854092	0.013828639572975672
146	0	0.4704049974503204	0.39106773965767516	0.13852726289200454	0.48881138258479195	0.4421258304668823	0.06906278694832575	0.21609548796921296	0.7211850958981443	0.06271941613264281
147	0	0.25011525241561267	0.6195898405983661	0.13029490698602117	0.6729437713142016	0.289494559061556	0.03756166962424246	0.35648328102342774	0.6068124279160904	0.03670429106048186
148	1	0.555209706479148	0.41175636372336794	0.03303392979748399	0.49519499542136464	0.3744119999188511	0.13039300465978423	0.4629724561374798	0.4552570788916876	0.08177046497083261
149	1	0.6033482526317134	0.3940000189801312	0.002651728388155422	0.1590323832355773	0.7975621242796523	0.043405492484770415	0.1260087056747974	0.8721329120802821	0.0018583822449205446
150	0	0.5263974607915903	0.3883799780923576	0.08522256111605213	0.24047890595131538	0.538397679558656	0.2211234144900286	0.2100118396761043	0.6267216491141295	0.16326651120976618
151	1	0.27757283071589234	0.6108040911058831	0.11162307817822463	0.1823032019393247	0.6706876963100927	0.1470091017505826	0.37946586834412027	0.3754686877095083	0.24506544394637134
152	1	0.43219484980032014	0.45301481167993335	0.11479033851974656	0.28321149465732054	0.6976176753769581	0.019170829965721344	0.3423636075294971	0.606505477437714	0.051130915032788986
153	0	0.5562611886143604	0.4175047917526327	0.0262340196330068	0.3885733362440437	0.5585306132610339	0.05289605049492239	0.4017507499373303	0.5604095148889631	0.037839735173706646
154	0	0.17193287411235106	0.4992592738914495	0.3288078519961994	0.07372963123923872	0.7829186587203391	0.1433517100404222	0.25820362092917515	0.4316837996893587	0.3101125793814661
155	0	0.14978874369598635	0.3221117493995487	0.5280995069044649	0.1703816382126365	0.48533797335090556	0.344280388436458	0.49648238368191033	0.3350668745565592	0.16845074176153052
156	1	0.7136354259284735	0.2681406171005091	0.01822395697101732	0.14389393988119745	0.6615658550027418	0.19454020511606065	0.15605904610410934	0.7092379399493566	0.13470301394653414
157	0	0.4942257636757261	0.3529155704534305	0.1528586658708433	0.2067983514564994	0.6127391375185909	0.1804625110249097	0.4124917885439994	0.2935095522892523	0.2939986591667483
158	2	0.057864483753522565	0.2532353117088055	0.688900204537672	0.39041397389636695	0.35771973158338194	0.25186629452025117	0.10256043660357539	0.2546571815433522	0.6427823818530723
159	2	0.09101114896612898	0.5920599710834812	0.31692887995038976	0.39351915096449774	0.5471120971266416	0.05936875190886082	0.0772131453585428	0.890687764586859	0.032099090054598135
160	1	0.0873587718545236	0.22870983209362386	0.6839313960518526	0.7298854841341061	0.18596531775907135	0.08414919810682249	0.3003811907391471	0.5762987482128813	0.12332006104797168
161	1	0.09090772645540053	0.6599730923918709	0.24911918115272857	0.13041329852355907	0.6792968838264778	0.19028981764996303	0.1565953800475518	0.495137928693999	0.3482666912584493
162	0	0.6006888609800214	0.38214618197667516	0.017164957043303567	0.3254644490656573	0.5692702618530423	0.10526528908130034	0.6085936743042938	0.383286828814216	0.008119496881490048
163	1	0.230145927274055	0.4816774324534158	0.28817664027252926	0.3232097518496131	0.4503064725313524	0.22648377561903452	0.2884585202093474	0.4119545373673727	0.29958694242327977
164	1	0.34127772157858455	0.6296068194486871	0.029115458972728242	0.26090339616301905	0.5757352502144787	0.16336135362250223	0.4787698220496033	0.4709356060337135	0.050294571916683344
165	1	0.13067777750143852	0.5743899784769344	0.2949322440216271	0.46541279965575155	0.18011768840759	0.3544695119366584	0.049625533350562245	0.8498595531490966	0.10051491350034124
166	0	0.08411096447397985	0.8257663292695131	0.09012270625650713	0.7888320601807289	0.15253569083673607	0.05863224898253507	0.17601005546478576	0.7557127456406105	0.0682771988946037
167	1	0.10230214750639331	0.8801519987712102	0.01754585372239652	0.23415711233401162	0.7040001455756268	0.06184274209036152	0.7035647509317172	0.24530571177608942	0.05112953729219341
168	1	0.6537298927426435	0.310148737896218	0.03612136936113852	0.39991373539649294	0.16880876715415674	0.43127749744935023	0.2731220864212158	0.4037412317079894	0.3231366818707947
169	1	0.12706448741051676	0.8393209627333378	0.033614549856145426	0.05394989325820838	0.8906499862625186	0.05540012047927311	0.11385801929775487	0.6901443871447318	0.19599759355751334
170	0	0.45788735875770953	0.18993506589585638	0.3521775753464342	0.39656288510775	0.2979822760808224	0.3054548388114277	0.503910054884748	0.29798303903268447	0.1981069060825675
171	1	0.5483534951704195	0.4237380850515353	0.027908419778045136	0.22266793996332188	0.7234464781341514	0.05388558190252663	0.349619822855125	0.5729765122811474	0.07740366486372764
172	2	0.4431082017992008	0.472889573742772	0.08400222445802719	0.1855670505176481	0.5518371855589578	0.2625957639233941	0.3903610044466163	0.38748030243253356	0.2221586931208501
173	0	0.28464475466406086	0.6445485202010478	0.0708067251348914	0.43628000228812636	0.4649405921443636	0.0987794055675101	0.45408834549364735	0.41918519626289763	0.12672645824345508
174	0	0.2151300511775315	0.44968948592383157	0.33518046289863684	0.5587475197676713	0.2579802739379853	0.18327220629434338	0.6589979430827966	0.2978823587446621	0.04311969817254132
175	2	0.2049430966629353	0.27627993370291776	0.5187769696341469	0.5088227801462846	0.29231837199546984	0.1988588478582456	0.5216263273149463	0.21378654732027644	0.26458712536477724
176	1	0.11436638209060412	0.8026506535134929	0.08298296439590304	0.13997548031638524	0.6906637671062148	0.1693607525773999	0.35095835662528446	0.499398916764374	0.1496427266103415
177	1	0.041849656673026286	0.9352196335672182	0.022930709759755766	0.34025855449331716	0.6148363857955005	0.044905059711182305	0.5919748892160389	0.3964008390907838	0.011624271693177271
178	0	0.17928078440972087	0.49258370210120644	0.3281355134890726	0.22132376376885823	0.5182409198816187	0.26043531634952305	0.28234439918747284	0.053682288662785016	0.6639733121497421
179	2	0.41932587613598177	0.30024824472388495	0.2804258791401332	0.30933879781260154	0.33609439367662836	0.35456680851077005	0.35051413895639394	0.4261810480782009	0.22330481296540508
180	2	0.1281643978849324	0.5449427429421984	0.3268928591728693	0.207005071109181	0.26405950242616527	0.5289354264646537	0.1530505155179402	0.46071498945908473	0.3862344950229752
181	0	0.43580073178811035	0.4287440925126494	0.13545517569924023	0.5423560738104033	0.37867398453645257	0.07896994165314421	0.29912860782512024	0.4654783280265499	0.23539306414832983
182	0	0.32936049739144163	0.42067285726030645	0.249966645348252	0.5246881458946014	0.3597574970749644	0.1155543570304342	0.18499806596096258	0.3257224039065308	0.48927953013250663
183	1	0.45834900165089104	0.5065455033127102	0.03510549503639878	0.3053682297895223	0.39292544317701833	0.3017063270334593	0.6237974842165007	0.34103625319236036	0.035166262591138815
184	2	0.16459438855272698	0.4094891108395666	0.4259165006077065	0.12493930971381195	0.4759278299867267	0.39913286029946127	0.38440646623379227	0.503866044937325	0.11172748882888274
185	0	0.19240508273324988	0.7514201997061497	0.05617471756060042	0.30544028457487576	0.41878767739678596	0.2757720380283383	0.6201715542056144	0.14762300019259042	0.23220544560179526
186	1	0.20961466545260346	0.7264821525184857	0.06390318202891085	0.5297586808002234	0.3730694718436527	0.09717184735612401	0.29038018474173216	0.629136476902055	0.08048333835621285
187	1	0.14195152462167357	0.1858304586484685	0.6722180167298579	0.21499447636062252	0.5855033778463054	0.19950214579307216	0.04128927029267687	0.6723719306060656	0.28633879910125754
188	1	0.04320019128952099	0.8559382689899014	0.10086153972057761	0.342885206867741	0.5547243367628888	0.10239045636937028	0.2089393913394547	0.5720858436242416	0.21897476503630378
189	1	0.01733807109725652	0.9001627003980645	0.08249922850467892	0.21964124798541543	0.6888646531832592	0.09149409883132537	0.22235059649727248	0.6610858638938121	0.1165635396089154
190	1	0.06089957672213498	0.7656831611601883	0.17341726211767672	0.1391885798452519	0.6266311067390408	0.23418031341570733	0.1953797433962933	0.5959411282104607	0.208679128393246
191	2	0.1185782028613946	0.4450973853416155	0.43632441179698994	0.36924005518458597	0.33889029628740136	0.2918696485280127	0.03721163785439282	0.834323563119811	0.12846479902579622
192	1	0.1419604002907119	0.764363476752402	0.09367612295688603	0.04924584399620885	0.872597583823155	0.07815657218063606	0.15846040629734812	0.745691851905554	0.09584774179709783
193	1	0.3246186345907067	0.6208834370691655	0.054497928340127844	0.22759774918722783	0.7179021225574757	0.05450012825529665	0.3166983011950247	0.668581981601878	0.014719717203097405
194	1	0.42110782621326875	0.42177487816915993	0.15711729561757143	0.11728566577355183	0.7789854757984761	0.10372885842797212	0.08670898833257146	0.783527206919378	0.12976380474805047
195	0	0.14152565363660166	0.8457413850778868	0.012732961285511457	0.5034380487769189	0.40690118392238644	0.08966076730069471	0.35197981226038405	0.6132118753082033	0.03480831243141277
196	1	0.27113236483891306	0.5215090191107475	0.20735861605033937	0.14120834605192856	0.6038013196445475	0.25499033430352397	0.03592097694009765	0.8269431381855914	0.13713588487431094
197	1	0.09184017081286144	0.8333314963550484	0.07482833283209007	0.27956078430585857	0.37889780771145154	0.3415414079826899	0.1684698837071832	0.8162174850514837	0.015312631241333174
198	2	0.27215821567327664	0.40408438718009815	0.32375739714662516	0.43051380053447436	0.39593690470856363	0.17354929475696204	0.18498732103481932	0.45878409515359064	0.35622858381159
199	2	0.26074014883439206	0.4607276347826726	0.2785322163829353	0.08316309148294491	0.5869545851380816	0.32988232337897344	0.2170713234577876	0.5929018412785546	0.1900268352636578
200	0	0.9015680322552733	0.05770617928023394	0.04072578846449277	0.6076329214402586	0.363474331300407	0.028892747259334287	0.5895849275603412	0.4079977303680729	0.002417342071585893
201	1	0.2041878505414815	0.7271370189045152	0.06867513055400336	0.45315400494960184	0.38059735488659885	0.16624864016379934	0.23879649056619934	0.45737567933680223	0.3038278300969985
202	2	0.4000823508048929	0.5419601875334433	0.05795746166166377	0.4056342232572257	0.3730011128740258	0.2213646638687484	0.8057537708415969	0.16032849354493747	0.033917735613465595
