sample	true_state	OCR_pseudotime	OCR_score_0	OCR_score_1	gene_counts_pseudotime	gene_counts_score_0	gene_counts_score_1	consensus_peak_pseudotime	consensus_peak_score_0	consensus_peak_score_1	window_pseudotime	window_score_0	window_score_1	y_test
EPI-509_XH-GJH	S00	0.1112323328852653	0.27501627908801246	0.07245151289358283	0.1488370150327682	0.08417620803415482	0.19099500653507043	0.1358601748943328	0.15881839941263923	0.2050463561124045	0.0674422085285186	0.18456738663958747	0.31434658307655394	0
EPI-509_XH-GXW	S10	0.5175029635429382	0.5008801827349757	0.3591788243299877	0.4566033482551574	0.4489851120219852	0.45656248522804593	0.3052796125411987	0.21521416436670815	0.06657089735100744	0.4610028266906738	0.6715885483256763	0.5254695147786536	1
EPI-509_XH-TB	S00	0.1266644895076751	0.2993689728614627	0.2627893080726678	0.0	0.1002630282583722	0.17733387866437372	0.1137316077947616	0.2608203648574826	0.19281945400321668	0.2507174909114837	0.28262298594757324	0.3931664994461019	0
EPI-509_XH-YY	S00	0.7818549275398254	0.31165306314021884	0.32707544988523757	0.1144938766956329	0.1908508219293479	0.1927312642154292	0.1027814149856567	0.21189940003499427	0.07735242734064343	0.3440715372562408	0.38570164935804574	0.385646020499984	0
EPI-509_XH-ZZQ	S10	0.4297792017459869	0.37336017983431685	0.42425775321996656	0.323940634727478	0.28275808959704324	0.20478013609832707	0.2056439965963363	0.2595889638475047	0.05575379362670645	0.2725715339183807	0.3996702901341315	0.33246570880074816	1
EPI-538_XH-CTS	S11	0.5817725658416748	0.6528431185322346	0.5176619541251618	0.5507259368896484	0.3795855553911066	0.4294000022342119	0.2906444668769836	0.17045453603937458	0.33473429557001333	0.6715558171272278	0.6718016960528003	0.7228180260807885	2
EPI-538_XH-DHZ	S01	0.3606732189655304	0.08630459631730025	0.05604449353795606	0.1968974471092224	0.15043311228135425	0.07715852854765026	0.1365218013525009	0.06533165350593842	0.1439515811255464	0.116399772465229	0.1287750253935021	0.13483088049062514	1
EPI-538_XH-DLY	S10	0.2063768208026886	0.24472130657522198	0.2415181067657815	0.4168671071529388	0.20823128179909764	0.11900223461426615	0.3152139186859131	0.0008401346402768844	0.157664601972922	0.1050300970673561	0.3070170724694088	0.22820322303880672	1
EPI-538_XH-GJP	S10	0.2548170089721679	0.28593205346830913	0.18410448242289204	0.2505466938018799	0.14195950523601936	0.07572606620836182	0.2299972623586654	0.00880762942429179	0.14366621032061586	0.0957743301987648	0.023933918360837497	0.10767323497187742	1
EPI-538_XH-GSW	S00	0.6740629076957703	0.8877228885887123	0.709751671067655	0.6706560254096985	0.7564933079423641	0.7702615145726505	0.2341943830251693	0.5513248838709502	0.476302818963528	0.6510905027389526	0.8578375464099607	0.9024136364783367	0
EPI-538_XH-HFR	S11	0.3944398760795593	0.3478724933754946	0.4312852190960435	0.2391019910573959	0.22785930786889996	0.11295857550483394	0.2931511402130127	0.17408719617372015	0.3212135585902881	0.5657735466957092	0.5135112911711796	0.5370272785273819	2
EPI-538_XH-HW	S10	0.4208831787109375	0.41012142626589326	0.4031207439978148	0.2779276669025421	0.26484318945422974	0.2960366372633775	0.1647748053073883	0.15469884781303142	0.14432473444612817	0.4535547494888305	0.5678492145665146	0.5085459530965227	1
EPI-538_XH-HXC	S00	0.2656578421592712	0.33969722641035016	0.28271196253916764	0.2787182927131653	0.1035055509835329	0.05808433086391961	0.243694469332695	0.054225999988712296	0.09849275557500835	0.2760104537010193	0.2739351165437336	0.10192446646627955	0
EPI-538_XH-HZK	S01	0.1219332888722419	0.47671137307347855	0.27731090133649117	0.238866314291954	0.26709395858256196	0.18954947907265624	0.2640791833400726	0.31953131614148367	0.2973296627666994	0.4235042631626129	0.3666378403056184	0.43521558524780973	1
EPI-538_XH-JGY	S10	0.3786671161651611	0.38822606383903463	0.27878128236795535	0.2054663896560669	0.32472311972987866	0.3277180670204241	0.1678960621356964	0.12368196774976335	0.15546053443767463	0.4123505651950836	0.5014305264578801	0.39430377602698313	1
EPI-538_XH-LGH	S00	0.173389583826065	0.4017068398139007	0.41921142284734714	0.2585274577140808	0.20342988641843388	0.13906565322610193	0.1452225148677826	0.03947472860088415	0.2462824365470698	0.2073263078927993	0.3667580661882892	0.47904682334584103	0
EPI-538_XH-LGZ	S01	0.2057121992111206	0.5401657310160433	0.4101640189016427	0.2236945182085037	0.1918046246398656	0.22870303114932522	0.2710285186767578	0.12943787822879707	0.23437485661847543	0.3992867469787597	0.3520212769136142	0.48552955401462916	1
EPI-538_XH-LHL	S11	0.2816869616508484	0.48778619622659464	0.42848359858359564	0.3049699068069458	0.3678438470391149	0.251906444533003	0.4835314750671386	0.2718381736860534	0.11996585735963423	0.5129716396331787	0.47086261596555434	0.5246393195784229	2
EPI-538_XH-LHY	S00	0.3511306047439575	0.3245869859759482	0.41213276781197955	0.2752247750759125	0.32833791362933246	0.276962227447306	0.1387739032506942	0.04669456927095487	0.07536798179058807	0.1645593047142028	0.551033265453301	0.3761616685532442	0
EPI-538_XH-LJF	S11	0.73963862657547	0.9075090645026956	0.7068524067084344	0.8497558236122131	0.6894733252617101	0.7566718854972634	0.8870524764060974	0.6857364296917285	0.5259977238239758	0.8588048815727234	1.0	0.8549572910793569	2
EPI-538_XH-LJP	S10	0.103579968214035	0.11242284104899165	0.22608661815634876	0.1221494376659393	0.14404839224909363	0.14901844184702784	0.1863021701574325	0.007217630677052638	0.0766513657056113	0.1913856714963913	0.11342930284299711	0.09805470203523216	1
EPI-538_XH-LQ	S01	0.2146011441946029	0.2717158739670187	0.3069989404310664	0.1331391781568527	0.359663337268482	0.19381169162536788	0.1943237483501434	0.25644822086353936	0.20496233724919902	0.2821102738380432	0.4715246733762181	0.42321374441793386	1
EPI-538_XH-LQR	S11	0.4820295572280884	0.2914720741257956	0.24601057580422692	0.2396900802850723	0.05778381525325069	0.2793201071898789	0.3608272075653076	0.18884030419691367	0.16405732691379993	0.3951687812805176	0.29548513335100507	0.2157394245766837	2
EPI-538_XH-LWX	S01	0.2814756035804748	0.1588628433089321	0.17218568815906907	0.1550678610801696	0.0	0.05085522767062957	0.2528218328952789	0.04773192908785857	0.09566009104703746	0.2653332352638244	0.08488064679330476	0.009867803462773385	1
EPI-538_XH-LXM	S00	0.3040834665298462	0.14972383213030577	0.14686952799718844	0.3865288496017456	0.14355972510622936	0.07888158608663788	0.3285039365291595	0.014412776523294092	0.035100151745066026	0.2904432713985443	0.16810507058484006	0.0782095518819431	0
EPI-538_XH-LXQ	S11	0.2292492389678955	0.23557599962359324	0.07225069962956368	0.2857248187065124	0.2841671719510675	0.22198487609560866	0.1950793266296386	0.11198099936915315	0.2089174941489243	0.4452854692935943	0.444869272448674	0.42887656075838904	2
EPI-538_XH-LYH	S01	0.2616197168827057	0.252894651605101	0.22931591180694944	0.1870093345642089	0.08893818388093831	0.12612300970369233	0.152995303273201	0.13622260291876948	0.09260380821289922	0.1089399307966232	0.212465430244327	0.36675374481763273	1
EPI-538_XH-LYM	S11	0.2737035453319549	0.5853825557663839	0.39774351399165186	0.6192091107368469	0.3876081147651127	0.5702648658913958	0.1106305792927742	0.32237462712238074	0.4357814383228361	0.6504684686660767	0.48225294709968336	0.488156587534569	2
EPI-538_XH-MBL	S10	0.5661887526512146	0.30292905557815875	0.29492976380404057	0.3587352335453033	0.21005667142509385	0.12128775720870989	0.2005643397569656	0.10829186376827375	0.16479893778452093	0.431644856929779	0.27073201906079375	0.2483399600756628	1
EPI-538_XH-MCR	S00	0.3537295460700989	0.1370999685154524	0.14509912176447023	0.4326202869415283	0.21184741962622752	0.050005118009340724	0.3287768363952636	0.12098728912279601	0.12440097480060923	0.4431833922863006	0.17119274786005134	0.332714550197161	0
EPI-538_XH-MJJ	S01	0.0941684320569038	0.12500210143132698	0.1544200163430474	0.199510172009468	0.06223260535311796	0.056174144522389655	0.2575483918190002	0.04601292768693418	0.043012139605461505	0.0669912695884704	0.2161331644702952	0.015296662324230487	1
EPI-538_XH-MYD	S10	0.432878166437149	0.4493898750983932	0.36627482635711733	0.2633090913295746	0.14027228350923465	0.34827351229375353	0.2225676029920578	0.2101328758913251	0.29753661529162273	0.3108992874622345	0.3202991641791814	0.44562250054440117	1
EPI-538_XH-MZH	S10	0.3841775953769684	0.22371834971488383	0.13270771784883176	0.1443975120782852	0.24158639397053175	0.0691566964934023	0.2797457277774811	0.011891263358415649	0.2567961610790854	0.2070574462413787	0.25994788736058977	0.18373469485029245	1
EPI-538_XH-QJ	S11	0.3383845388889313	0.3634878455079999	0.19785811393761948	0.0658210441470146	0.06633447282389718	0.0	0.0708770826458931	0.0673180012471562	0.22485046240429987	0.2635387182235718	0.16267121606572182	0.3062436506000561	2
EPI-538_XH-RXJ	S01	0.1853059530258178	0.3754236025769935	0.2778218057988449	0.3140667974948883	0.461115650805531	0.27225219790654376	0.1994725316762924	0.08904326365655398	0.17968732489478284	0.4387272298336029	0.33878242630588856	0.3792062584171906	1
EPI-538_XH-SLX	S10	0.1726246625185012	0.29844473107795644	0.2813692738233564	0.4217276275157928	0.3475584175623534	0.17290391367076335	0.1525315940380096	0.1594723177145628	0.17685871071826212	0.3784943222999573	0.35446944143455933	0.3877216487027269	1
EPI-538_XH-WFH	S01	0.340218722820282	0.22035171915607352	0.13779562342918114	0.1722741723060608	0.10253851699426685	0.2735395782100988	0.108447641134262	0.09293844464399366	0.18461406088085605	0.2534877955913543	0.3129991582072644	0.2193373865514286	1
EPI-538_XH-WJQ	S01	0.4282635748386383	0.6043765062592776	0.4872936030798564	0.3567891120910644	0.36110555464330185	0.25250644234095554	0.0890572220087051	0.1527765886272421	0.2266350348792291	0.481078565120697	0.687457821589968	0.6926510212190327	1
EPI-538_XH-WR	S11	0.2777316570281982	0.44098153467623213	0.35401659923911155	0.1806773692369461	0.17496603920046822	0.22672825575126598	0.3654777109622955	0.31224849466170385	0.29076623078686564	0.5160627365112305	0.38337096042347235	0.43511635354230094	2
EPI-538_XH-WSP	S00	0.147480696439743	0.36916224021016747	0.37702967908868623	0.1923797875642776	0.4068020588933287	0.23081347813961658	0.1708934158086776	0.25970994177059387	0.2354553796742265	0.1643401235342025	0.45564130942822556	0.4737167881701823	0
EPI-538_XH-WTL	S00	0.3763988316059112	0.07085722011640955	0.049041015731540606	0.2610795199871063	0.09133734975185476	0.044372020253868355	0.3775906860828399	0.0113933849627993	0.14932101956418004	0.0	0.10565491057055608	0.06840902515945448	0
EPI-538_XH-WXC	S00	0.2154978960752487	0.04613339606832533	0.11969161750387947	0.1599543094635009	0.016086156833078694	0.06846850481653244	0.1517674624919891	0.09425264001535108	0.16804517257833582	0.1101667210459709	0.1988086079611227	0.27143406232641315	0
EPI-538_XH-WZY	S10	0.130224272608757	0.08123749346131186	0.048227557492501016	0.2874951958656311	0.06315975421693565	0.17533474879795527	0.2158772200345993	0.058396814315497	0.025806525037935873	0.2911809086799621	0.43899987218507475	0.315244995872722	1
EPI-538_XH-XAN	S01	0.1629216372966766	0.24848966668945718	0.045454944139283734	0.2824694514274597	0.1801650610471272	0.12222741018401767	0.136058047413826	0.11490486914215481	0.1466161963753162	0.1627400815486908	0.36070886509372746	0.3074545897022298	1
EPI-538_XH-XGX	S11	0.6595442891120911	0.7159350907911995	0.49346251971728977	0.4788490533828735	0.7302663385949216	0.761464302869846	0.2640101015567779	0.21089807626214097	0.47522191140606923	0.7495298981666565	0.8419156588769148	0.7051725354514982	2
EPI-538_XH-XJF	S11	0.1780206710100174	0.3220408951611784	0.3616043921104293	0.2465225607156753	0.1447282389646076	0.18140124952743109	0.138197124004364	0.20226124656482747	0.2821748107363966	0.6036073565483093	0.40428408858565323	0.4313394341032467	2
EPI-538_XH-XQP	S11	0.4602711796760559	0.5096129431957823	0.4872598820093125	0.4996723532676697	0.46277988851897456	0.30065652478947086	0.1934615075588226	0.2923599319557721	0.29271924492717355	0.5369452238082886	0.4825037481417554	0.4737374739085893	2
EPI-538_XH-YBZ	S10	0.3174991309642792	0.31356524419710996	0.28762734537722023	0.2652873694896698	0.2685630445447851	0.41223007920283344	0.1701283603906631	0.25518549247362604	0.3034009906752743	0.2260621041059494	0.3630063772836576	0.3177640439147171	1
EPI-538_XH-YJC	S01	0.4534407556056976	0.0	0.0065468466666557925	0.5211613774299622	0.26248926978141657	0.02064881415350035	0.184675857424736	0.15876440173880366	0.07687305437524163	0.4690054059028625	0.0	0.0	1
EPI-538_XH-YJJ	S00	0.3480187058448791	0.13843031954283916	0.1028352465217242	0.3852830231189728	0.16355425155944056	0.10771888052688165	0.2009115666151046	0.06499432770619237	0.06416609314062714	0.1463076025247573	0.0	0.18541479114957934	0
EPI-538_XH-ZCX	S00	0.7405761480331421	0.9989199074272587	1.0	0.7343152761459351	1.0	1.0	0.9743364453315736	1.0	1.0	0.9169437289237976	0.8359191091337508	0.8303633095105258	0
EPI-538_XH-ZGR	S10	0.1871676295995712	0.16420799436663547	0.0	0.2287325263023376	0.09996725883464078	0.05946021426097862	0.3144640922546386	0.10260918159996023	0.10501288051380178	0.1699352711439132	0.2225382278806885	0.1059981794103273	1
EPI-538_XH-ZGW	S00	0.3029857873916626	0.1845768742614978	0.10699860983233614	0.1771024912595749	0.11907036026750095	0.05750595295466056	0.1675399243831634	0.012501565907873947	0.1362690017950877	0.0634408667683601	0.33357471692874335	0.36637211811584847	0
EPI-538_XH-ZGY	S11	0.502373993396759	0.33782560676981527	0.4300271902992031	0.4655480980873108	0.46487191380637705	0.33531571215883255	0.3905499577522278	0.36017316017315903	0.3825051617343465	0.7212198376655579	0.6277426654653255	0.5406807190175638	2
EPI-538_XH-ZXL	S11	0.4182228446006775	0.2577551856403389	0.15173975641074808	0.0602685995399951	0.270638070198973	0.09107330028213728	0.1792009025812149	0.13095508948268605	0.10891502276175886	0.289172351360321	0.3637928978912282	0.06958410087867473	2
EPI-538_XH-ZYY	S00	0.2318209558725357	0.33061548215053627	0.251433520814832	0.1698860824108123	0.06812282613563497	0.10075202525554491	0.2138643264770507	0.16857515856533098	0.17838953888505016	0.1434666812419891	0.2151818158923338	0.20647881708818885	0
EPI-559_XH-CB	S11	0.3892619013786316	0.28954446821617724	0.23787852299664047	0.310572475194931	0.10324418575112213	0.10642182874317208	0.4922877550125122	0.018611015639816278	0.14315268097969067	0.5113328695297241	0.27483826272929424	0.27277359570193704	2
EPI-559_XH-CSM	S11	0.7584412097930908	0.5427334192162577	0.5801393050313198	0.5420932769775391	0.5261934989867593	0.4548328717337591	0.5599293112754822	0.25237937691322726	0.20840136570561316	0.8429304361343384	0.6764710380401617	0.6551064538787073	2
EPI-559_XH-DSW	S00	0.1527636051177978	0.2494299984271946	0.3069853303950264	0.1500502675771713	0.06721700577706813	0.08515177565155078	0.0	0.183547468826788	0.12041752695570981	0.0776614099740982	0.09893427616619492	0.22311235702030155	0
EPI-559_XH-LHJ	S10	0.1627547740936279	0.2761287887251463	0.19168222208436914	0.1722511798143386	0.2805761841115518	0.1619460540148741	0.1853552758693695	0.13114631265144247	0.06913347474271617	0.2281600683927536	0.2002202989439791	0.2093570215019189	1
EPI-559_XH-LW	S10	0.2273230403661728	0.3079569290475678	0.3341440843769347	0.2870588898658752	0.18229104678982916	0.23834690617424506	0.1657557934522628	0.004712178105590377	0.24995860738617626	0.2573858201503753	0.28811846518961937	0.35877602728267705	1
EPI-559_XH-LYH-1	S01	0.2398348450660705	0.21942335572709945	0.10722982381124722	0.1436103284358978	0.1174659855804656	0.1355982026290937	0.1611268520355224	0.2472126743313208	0.21825418674007951	0.1296763718128204	0.3254483358812469	0.2215934829926805	1
EPI-559_XH-LYQ	S11	0.4006275534629822	0.29976348156923344	0.30811945808872054	0.3501694202423095	0.10331845526877625	0.211921521120093	0.4351775050163269	0.11821196042136609	0.15273709452356418	0.4954746067523956	0.39358021655959124	0.36360020809056487	2
EPI-559_XH-MCX	S10	0.1702166497707367	0.198698807988272	0.20280071045620487	0.1103606298565864	0.2301230801056279	0.08071269636181941	0.2049713283777237	0.07421644355345626	0.2057972011929213	0.148524984717369	0.263215668234855	0.2326703968237459	1
EPI-559_XH-SAT	S11	0.3119227290153503	0.30844080520123784	0.2646910158871242	0.4755643904209137	0.08033766737822641	0.22465341778656636	0.3898083567619324	0.21169447258416518	0.303581744447424	0.5482061505317688	0.371960113150188	0.3854348620492108	2
EPI-559_XH-SZG	S10	0.4833349287509918	0.24980612270315605	0.22709381749608054	0.2240397185087204	0.14927135602418296	0.14413519872516234	0.153290182352066	0.09067737222455229	0.1190089470061829	0.4118348062038421	0.5642954545341806	0.4845354899224785	1
EPI-559_XH-TPX	S11	0.4573477208614349	0.3044097744048764	0.3352593096115794	0.2259709388017654	0.1132760094149978	0.23320039768982456	0.2369186580181121	0.1659638755361253	0.24263518755372748	0.6715192794799805	0.4892948799457388	0.6232288270000557	2
EPI-559_XH-WYB	S11	0.4417148232460022	0.26032503854020544	0.3315926303976353	0.2282422184944152	0.16876658088767715	0.23744928982857683	0.4144204556941986	0.1293111376500127	0.28339113161173257	0.5162572264671326	0.40354106868820344	0.31475600638750806	2
EPI-559_XH-YHT	S11	0.63805091381073	0.5112307679533701	0.5828008871940487	0.4406681358814239	0.36957694566322563	0.4329810186803327	0.5794621109962463	0.3042369464701669	0.14247875569043647	0.5457238554954529	0.721399260922182	0.5690233028059453	2
EPI-559_XH-ZRX	S10	0.3574407398700714	0.23884117086417134	0.26487633677902045	0.1422590762376785	0.27601592458803687	0.3248131450877967	0.2224100977182388	0.0040376331825030115	0.16427056328070105	0.3338403403759002	0.35924373711856766	0.3508836655867682	1
EPI-560_XH-CSP	S00	0.1413092464208603	0.24399414625043045	0.26859262467291306	0.3951471149921417	0.1394139554774824	0.0749467091947091	0.2045841515064239	0.02090125625961582	0.2444497148310569	0.1584050357341766	0.13668077959618743	0.22109073923195235	0
EPI-560_XH-CXY	S01	0.6195524334907532	0.6129769090893996	0.5867691530061785	0.7326440811157227	0.6155589400326903	0.7149200710479579	0.4525099396705627	0.24602854104737187	0.4384645473166362	0.6433074474334717	0.7573315418299554	0.7984742514600701	1
EPI-560_XH-DGH	S11	0.3823071420192718	0.3850669089535284	0.48161091558947255	0.5636196136474609	0.6180240626581467	0.4477426349565386	0.3950095176696777	0.3594710374371378	0.4460885524202833	0.8115611672401428	0.8478829635108757	0.7111099503020368	2
EPI-560_XH-GDA	S11	0.782764732837677	0.6475815545220772	0.6845324720806254	0.7142831683158875	0.5927722141245046	0.5220481302552319	0.5308672785758972	0.5234680573663669	0.21973065250379287	0.9054502844810486	0.8064169016124838	0.7232912190896178	2
EPI-560_XH-HLZ	S11	0.574744701385498	0.7059668161258278	0.5191257723513484	0.7533647418022156	0.5983040711114528	0.629472614140331	0.5471869111061096	0.49094972823786204	0.48632236206137286	0.9736761450767516	0.9439543109493712	0.8297794217291311	2
EPI-560_XH-HXZ	S11	1.0	0.9054976943732037	0.798617964580644	0.9271822571754456	0.8023629959236416	0.9148521668647265	0.9759328365325928	0.744427888495687	0.670306648859561	0.9336379170417786	0.8727072891551063	0.8294789707406293	2
EPI-560_XH-JQM	S00	0.571877121925354	0.26124806607050477	0.20574131199374193	0.3220818042755127	0.17042486858626982	0.17682977102509326	0.1251392960548401	0.06872301357455385	0.11555166492710692	0.204652190208435	0.3934064033458738	0.2311847193585024	0
EPI-560_XH-KFJ	S00	0.465602695941925	0.4901449981887926	0.4869326649062715	0.1857919991016388	0.4900099179809921	0.451495246712914	0.2695590853691101	0.40185431838501506	0.42862792703620767	0.4255968928337097	0.5534863257449065	0.5602441814496125	0
EPI-560_XH-LD	S11	0.322415143251419	0.2701749587722172	0.2429454363324697	0.3779202401638031	0.15227790892294138	0.021309597724465976	0.4653656482696533	0.3006789820349159	0.20198709354904637	0.4568034708499908	0.32948805041247675	0.3041952157087949	2
EPI-560_XH-LGZ	S11	0.3817752599716186	0.16371360806347435	0.18663178558044907	0.4779554605484009	0.16992614785271407	0.2465062502094577	0.3035216629505157	0.06616000847999136	0.3081866275467297	0.5482367277145386	0.2676873233690767	0.2761047371780676	2
EPI-560_XH-LRM	S10	0.184695303440094	0.21608894215306979	0.24857839460569922	0.1304851174354553	0.08696793404253184	0.0942579834510135	0.170143261551857	0.1498401335284074	0.10672667212850805	0.2561890184879303	0.3099554443275663	0.2152252311202138	1
EPI-560_XH-LY	S00	0.166247621178627	0.5269404468097351	0.48360712748299217	0.3102824091911316	0.44623993762820713	0.4233139085573458	0.1728941351175308	0.2510791425865315	0.3323831221545093	0.4101493656635284	0.678224272343514	0.5375335699180122	0
EPI-560_XH-LYH-2	S11	0.334678053855896	0.255863508993428	0.3883186116191207	0.2499834895133972	0.2631967632352676	0.23621386872395467	0.4168140292167663	0.05140674737650958	0.11956373292867932	0.5082190036773682	0.39165454948823947	0.44008833611887516	2
EPI-560_XH-MFH	S10	0.2132997363805771	0.19219336007474652	0.050796164393524156	0.3633570075035095	0.08749794742420564	0.11496468573554786	0.233341634273529	0.16861039109624695	0.13803000522620346	0.2783594131469726	0.243699650023242	0.3122043954776109	1
EPI-560_XH-MJJ	S10	0.1253984570503235	0.17529717031970612	0.04930318052508961	0.1124309301376342	0.1955201239483795	0.04457449916356012	0.1883285045623779	0.0	0.14126655911290847	0.3999247848987579	0.3173003161754304	0.31627963553154687	1
EPI-560_XH-QCL	S11	0.4358962774276733	0.338231135511257	0.3403449545521899	0.3113115727901459	0.3571730755805836	0.3302568227264091	0.3273824751377105	0.14497255244589033	0.24293885389094097	0.5170111060142517	0.5895995581210453	0.5215360898257266	2
EPI-560_XH-QHF	S11	0.3136399984359741	0.3313033310194004	0.237683781205803	0.2353642433881759	0.21662935074051076	0.16135081301796644	0.2508613765239715	0.25375189781969504	0.23812801101169603	0.5712661147117615	0.5355524509906143	0.42359446936981004	2
EPI-560_XH-SSP	S01	0.2528797388076782	0.5040024328036984	0.3940906331008018	0.1584292948246002	0.10526205794981464	0.2333543667636628	0.29035085439682	0.17309818207717317	0.2622657673329401	0.5684977769851685	0.40099145141538106	0.45062791467173074	1
EPI-560_XH-SSQ	S11	0.4783329367637634	0.22625008688266895	0.23920566799944928	0.2930791974067688	0.1741467277603935	0.21498401056215385	0.3667295277118683	0.023127254505821954	0.13252079054577082	0.597174882888794	0.3893484291429589	0.28859293373819084	2
EPI-560_XH-WFJ	S00	0.2497877180576324	0.45153749538734356	0.2923382232771621	0.1936549991369247	0.24083882815317562	0.23887763074845736	0.244208350777626	0.18899600421627671	0.131555386949921	0.1624684482812881	0.40291526825722235	0.2529683770840165	0
EPI-560_XH-WK	S10	0.2193010747432708	0.29273508545922144	0.28349270947148686	0.2760046720504761	0.19460473869109604	0.07841163887624926	0.2774723470211029	0.0518468076358562	0.1634611670340158	0.3683147430419922	0.3760465776327971	0.41808782615477885	1
EPI-560_XH-XBH	S10	0.5158770680427551	0.6005072995723942	0.5728736072966646	0.6448240280151367	0.6379496542824985	0.7570638797005058	0.7228111028671265	0.3013738231600385	0.37131933455289295	0.8561493158340454	0.7886589962825206	0.7226654897762288	1
EPI-560_XH-XGC	S01	0.2893984019756317	0.2870125821513551	0.3497387443529593	0.2087946534156799	0.18557975487502207	0.06260147294067397	0.1669545620679855	0.26621683401344765	0.1499643538821608	0.4049897491931915	0.37575326244536034	0.32202779381990326	1
EPI-560_XH-YYC	S11	0.7191102504730225	0.5401174068920687	0.4890633876804523	0.4075937271118164	0.289311355899487	0.2976261383101119	0.5114297866821289	0.27656255670840213	0.14146054628224328	0.7133979797363281	0.5211265421189843	0.4969481716775262	2
EPI-560_XH-ZCX	S11	0.9096846580505372	0.775626814572488	0.8012605729606587	0.8165159225463867	0.8929767855636693	0.7456685577150811	0.8443870544433594	0.560631622170739	0.5796818548478724	0.9321421980857848	0.9414988771963125	0.9149914258349302	2
EPI-560_XH-ZSF	S00	0.2619263827800751	0.3981859324022773	0.29495423687068406	0.1515838205814361	0.10167340906716182	0.04322588502336016	0.166440948843956	0.2290243316616196	0.2515695653161852	0.1716198474168777	0.3087549253498167	0.34217994446939826	0
EPI-560_XH-ZXL-1	S11	0.3767225444316864	0.3817988775181212	0.21044112971307632	0.2293270677328109	0.07615877233575707	0.15211740908515747	0.3062266409397125	0.2138963163441807	0.2351915576967075	0.5731744766235352	0.34601844346353666	0.35841985388830216	2
EPI-561_XH-DSX	S00	0.1825610548257827	0.3682212028256691	0.14968964330221968	0.1388866007328033	0.10942393527295757	0.1196655383893552	0.0717132836580276	0.20995860745884062	0.22033017207036013	0.2094239890575409	0.2864205901925409	0.19196893782424568	0
EPI-561_XH-HXC	S11	0.3382910192012787	0.39437633345656226	0.2683559159816375	0.2734201550483703	0.13314521730787285	0.004173904727322582	0.4589799642562866	0.2187388882304115	0.18883538026312757	0.527207612991333	0.28311309335022017	0.4574483967488819	2
EPI-561_XH-HXL	S00	0.0	0.10599161653468801	0.23724658547025326	0.0892119407653808	0.24465883363186772	0.20744530506853348	0.2181112170219421	0.15590341861528156	0.0811555386949917	0.1454936861991882	0.4343790571365554	0.2742746786372596	0
EPI-561_XH-SQH	S11	0.8723403811454773	0.7364498741748524	0.8889912179719106	0.6149898171424866	0.8186110771620018	0.7018009808818094	0.6297646760940552	0.3984215648800005	0.6715852259692595	0.9181246757507324	0.9853104245338951	0.9856472169612135	2
EPI-561_XH-WJP	S10	0.1649811267852783	0.2713841013193035	0.21727022552599037	0.2502253651618957	0.3296501829201863	0.18920434958364335	0.2154969722032547	0.16412801649670494	0.21846753842624836	0.236954778432846	0.3983781439813974	0.37340122086444394	1
EPI-561_XH-WLM	S11	0.3008831739425659	0.20870953981779533	0.1250767993934486	0.2956683337688446	0.190702817678016	0.19146977669046178	0.3244693279266357	0.2504024467199578	0.16286999393390306	0.4957093596458435	0.3810285470714902	0.2915264775234748	2
EPI-561_XH-XXX	S10	0.3694649338722229	0.5893702318523201	0.38601502003968463	0.3708993196487427	0.12409798623654791	0.3910454295153639	0.2508130371570587	0.28617831600625304	0.04644537177541574	0.3203468322753906	0.3931192153417797	0.5231025517246735	1
EPI-561_XH-ZHY-1	S00	0.1761563271284103	0.3169105872714409	0.3268998793727433	0.1769078224897384	0.23552876982055002	0.18275009750961346	0.1270304471254348	0.16126708374130813	0.07994688922609963	0.098469503223896	0.24752559339862787	0.22846749599419675	0
EPI-561_XH-ZSJ	S00	0.3876734972000122	0.3804423065753756	0.2666018133001274	0.1807596981525421	0.22706579884076034	0.19283111176055	0.0494719035923481	0.00015096957803365502	0.13831562974203093	0.1828013509511947	0.29071952901201115	0.25500829624629007	0
PC1_PDAC1849595	S11	0.2474527508020401	0.18531872179509232	0.21682278478632988	0.154371365904808	0.2568377067493861	0.13782814807974636	0.1852899491786956	0.0784584758889045	0.10075605385527646	0.4068997502326965	0.32604138201714883	0.1850952580503999	2
PC1_PDAC2477571	S10	0.3361587822437286	0.35834620675428625	0.2323388372512027	0.1828698366880417	0.23607356466768814	0.045828971818073556	0.1075561344623565	0.19806916247594145	0.2096910575109635	0.2765412330627441	0.408166456870753	0.4876769468064718	1
PC1_PDAC2483179	S10	0.6119418144226074	0.7291831505702837	0.7624824002902406	0.8863458633422852	0.9183121760929936	0.8895735746827867	0.8753162026405334	0.4322772957815199	0.5067955063241429	0.8971192836761475	0.8597669886946281	0.80261514708114	1
PC1_PDAC2539167	S00	0.2783394157886505	0.2970550099362527	0.3688224298040764	0.2994424700736999	0.38228015918095437	0.1835751686076557	0.1541141867637634	0.04930786969194645	0.16071346639137915	0.2972626686096191	0.44606315869437024	0.3997175390467145	0
PC1_PDAC2553762	S00	0.3258852064609527	0.20839858183116486	0.20503074427269305	0.4534450173377991	0.09330016757936077	0.13980598675919814	0.2702254056930542	0.08689759487846052	0.20040477499822512	0.160767450928688	0.2466745383905273	0.14614928038440161	0
PC1_PDAC2555661	S00	0.3610945641994476	0.5432895596564449	0.5688727156265534	0.7471283078193665	0.7229468256798457	0.7029737368321105	0.2345721274614334	0.3849150676442199	0.4339449799977867	0.4266938269138336	0.7078249383046896	0.6782336728714387	0
PC1_PDAC2572409	S01	0.6802287101745605	0.7196510791075089	0.764805450911874	0.7578006982803345	0.7033848969685367	0.6061416112091128	0.6071621775627136	0.5802784785835645	0.45738272285214365	0.8819337487220764	0.9333276997551598	0.9536874095132282	1
PC1_PDAC2576116	S01	0.2332546710968017	0.4358722404471474	0.3483400760889834	0.2726789116859436	0.2716245834057932	0.17371120913141305	0.277532547712326	0.17323101983218386	0.2645675613672847	0.3229416012763977	0.4438035119112306	0.41978680207834546	1
PC1_PDAC284686	S10	0.1319078207015991	0.28721458448185183	0.2293705084318815	0.1471929550170898	0.16351646716258814	0.1395934538394978	0.1724218279123306	0.009228416971560391	0.1606717319656316	0.3384007513523102	0.33157327220224214	0.30777680477030517	1
PC1_PDAC3110384	S10	0.1183146312832832	0.19561817935241432	0.3038085963031707	0.1711676865816116	0.1664478427141167	0.15211300646804585	0.1361750364303589	0.0870591592323602	0.21692404798795745	0.2295843362808227	0.284672940125239	0.33346090545363816	1
PC1_PDAC3116673	S10	0.355061411857605	0.19933879677064947	0.2799467638151827	0.1593373566865921	0.09320308931677507	0.20490335431912657	0.1790761798620224	0.09605042266063561	0.1250649996820134	0.2714198231697082	0.47523209652689014	0.28671111562809387	1
PC1_PDAC3123657	S01	0.2682633996009826	0.29466507088197585	0.4146589361453701	0.2106655687093734	0.2976082913792356	0.2357373279379891	0.2272603958845138	0.006777570417706016	0.07870447647951291	0.2258604168891906	0.4156212393465331	0.3782352269744304	1
PC1_PDAC3130107	S00	0.1290080100297927	0.5751634353190641	0.4468953173480685	0.3735113441944122	0.2771887921897624	0.37625461511516467	0.1446810960769653	0.2496452122021242	0.3415370497820549	0.447922945022583	0.5689596995296511	0.6187865534749695	0
PC1_PDAC3140986	S10	0.8600783944129944	0.994402524542554	0.885240670843215	0.892495334148407	0.8800004682345698	0.8424389645435779	0.8024340867996216	0.7958956297939384	0.4367033383914994	1.0	0.924076742504141	0.8030849788058299	1
PC1_PDAC3156402	S00	0.1866268366575241	0.2312332842812557	0.18206358336165543	0.2248299568891525	0.1008374509247794	0.10355686629355278	0.1292820125818252	0.1634088572309653	0.18949357854149004	0.2111869305372238	0.2193980561969027	0.2559846745228666	0
PC1_PDAC3158233	S00	0.3751260340213775	0.575303824129352	0.5892455788354231	0.3258973062038421	0.4611583505607473	0.40995293941232014	0.1777848303318023	0.22746438251678108	0.4397568249598528	0.4056800901889801	0.5869108422276041	0.6097770833111312	0
PC1_PDAC3170348	S11	0.1823149174451828	0.18674831801436542	0.14319502461380013	0.1973977088928222	0.061241397841438276	0.10720039289223637	0.1748110651969909	0.16362441970506192	0.21180087175957593	0.3619229197502136	0.18576012057743	0.29935480174011797	2
PC1_PDAC3175888	S00	0.2212072312831878	0.2457465560460272	0.08945095139887621	0.2681610584259033	0.09524580956189344	0.10243667105655793	0.2284047752618789	0.1807779790830659	0.057684749620635314	0.1160022839903831	0.2260204367193704	0.2591004977172742	0
PC1_PDAC3180741	S00	0.4504967629909515	0.3002656990791873	0.22780838733083775	0.3314083814620971	0.19403875809847426	0.2750273086480009	0.0922843143343925	0.04488406887645889	0.17413181000266068	0.2035550326108932	0.4241324995986148	0.28462742553824394	0
PC1_PDAC3181634	S11	0.448409765958786	0.287345979641369	0.2976691700066089	0.2601318359375	0.25550450631916727	0.20787880986827087	0.4292418360710144	0.09612907577711274	0.12192943854324412	0.5545977354049683	0.4274765768204613	0.3284830505575063	2
PC1_PDAC3183057	S11	0.2903080582618713	0.23181660677097646	0.27540182438136523	0.2455431222915649	0.1657353885207696	0.12472662372515253	0.2833408415317535	0.19499144922873682	0.18457444367973247	0.5091505646705627	0.3507709039588316	0.33750310317459337	2
PC1_PDAC3183786	S10	0.2101738005876541	0.37497006627820995	0.24826357116090267	0.1460030972957611	0.0551484572093927	0.09184847570852425	0.0862526521086692	0.14829410146817348	0.23967299473572548	0.1872395128011703	0.24999327706557367	0.18329426729209727	1
PC1_PDAC3185834	S01	0.2724967300891876	0.2909307576942469	0.21505279084300816	0.1572238504886627	0.34649892251115044	0.19517072603740193	0.160241037607193	0.11028620644843475	0.2585088323009777	0.5398014783859253	0.4480973366828335	0.37208744898870194	1
PC1_PDAC3186018	S01	0.2484261393547058	0.2524254253390398	0.17028495298352062	0.1220881044864654	0.05791398587827976	0.20561010757733103	0.1222338825464248	0.15399192152162067	0.15102556075242635	0.2468311339616775	0.25437332220100817	0.292442029452805	1
PC1_PDAC3186965	S01	0.1701245903968811	0.34288936677820525	0.32111599673138114	0.2424220591783523	0.22738434557315257	0.20460443340839912	0.1147615164518356	0.09056982836231631	0.09539833080424835	0.5275450944900513	0.5141005657091898	0.4686635927476054	1
PC1_PDAC3187289	S00	0.3449840545654297	0.2867463210364477	0.24597865303668084	0.1712720841169357	0.1054381332964094	0.1252097366980564	0.3077659606933594	0.1438991560043857	0.24765002020827148	0.1328867673873901	0.3007627392871498	0.33270108029753803	0
PC1_PDAC3191324	S10	0.2301657795906067	0.24599186998248257	0.15060660627292877	0.2872132658958435	0.1018495573900209	0.22247952902800477	0.2140443474054336	0.1234892631703373	0.1860035847088075	0.2910857796669006	0.29464359270200935	0.30888855243494534	1
PC1_PDAC3212752	S01	0.2625496089458465	0.34245623478670006	0.39766602941148543	0.2867520451545715	0.4538753485197648	0.4281206336852222	0.0924176052212715	0.19889785209551236	0.1768627318945532	0.5418462157249451	0.504279897826869	0.4281259179954253	1
PC1_PDAC3220586	S10	0.1497899442911148	0.26440705077851795	0.19750244015094073	0.3628881871700287	0.1589858446550548	0.09057832590457646	0.2315466254949569	0.02663167598717875	0.1826473486675182	0.1020856350660324	0.2347632894877184	0.2039986850258372	1
PC1_PDAC3224130	S00	0.1762228012084961	0.37614769547564303	0.3274337522860731	0.1373488306999206	0.1762973077492334	0.15824110335264238	0.1022380366921424	0.16918406024312327	0.06636570561456392	0.1445685029029846	0.3583855271836549	0.33831980239666765	0
PC1_PDAC3281782	S00	0.1393477171659469	0.23385739869931535	0.13657562752716573	0.0850937440991401	0.2857830612159143	0.20700211690116788	0.1686504334211349	0.1655820930819758	0.12552514131585574	0.136585846543312	0.3003830964873506	0.2439356033025331	0
PC1_PDAC3572208	S00	0.1712314635515213	0.10757003507983148	0.16131413021691135	0.1959760934114456	0.043029795396125406	0.06651138889819773	0.2561992704868316	0.087023146345178	0.14568103321748085	0.1676907837390899	0.2828606797826615	0.18842518993292448	0
PC1_PDAC40421491	S11	0.6174231171607971	0.5439547976694665	0.4465857495185046	0.6122991442680359	0.5664511017867723	0.6109934425863252	0.396663635969162	0.2133332500797093	0.3335847015791374	0.7167068123817444	0.5807510632483757	0.5615894131028254	2
PC1_PDAC45191754	S00	0.3037879467010498	0.37584255018061347	0.35796878131890114	0.1100663393735885	0.42398299170699866	0.4157433783527156	0.1960441172122955	0.4061381076164973	0.3269517611563032	0.1793205291032791	0.4289952658938623	0.3717283358707572	0
PC1_PDAC46940768	S10	0.2213053107261657	0.24942722474544096	0.1006131522108553	0.1758718937635421	0.05336280693043319	0.04769788713313563	0.2396222054958343	0.12936084975890436	0.08407891718282545	0.1255428194999694	0.21759465869198516	0.23074131849236992	1
PC1_PDAC48200247	S01	0.1963783353567123	0.1637221009886557	0.2607183158877803	0.2344406098127365	0.22154782044124005	0.14678293754240287	0.4261667132377624	0.12879549828702563	0.09485204855841826	0.3478541076183319	0.48662866562116186	0.3607244113776594	1
PC1_PDAC48289495	S00	0.1473874896764755	0.2438707927519506	0.23993001995694882	0.3642988204956054	0.15638830668455356	0.32918998625959245	0.1690275967121124	0.07802149783578419	0.2720770849766862	0.0745730921626091	0.24221432661458953	0.17592382308877827	0
PC1_PDAC48484713	S11	0.9347743391990662	0.8650727917132259	0.8152406014913308	1.0	0.8547701861499656	0.7306405132653571	1.0	0.7319592393713307	0.7552010668272396	0.9729483723640442	0.8533606348498993	0.9350904268156066	2
PC1_PDAC50289226	S11	0.387182742357254	0.3519690792696602	0.35612037543541	0.2482519298791885	0.15159805143238267	0.2641368286937029	0.3736402988433838	0.12388920364018642	0.17600604543805348	0.5006840825080872	0.43466805405661896	0.3813533404707842	2
PC1_PDAC50748431	S00	0.3383755087852478	0.37728220649123256	0.27960883558167937	0.2340164929628372	0.2969603565137929	0.20129205453332316	0.2059999108314514	0.3511087626651197	0.23916982889863414	0.1285814791917801	0.29675818709162105	0.40659971968951075	0
PC1_PDAC51069031	S00	0.3783824443817138	0.6588750411695187	0.6460545633298156	0.712407112121582	0.6754562280479799	0.7012410090330164	0.1876346319913864	0.15160121874206206	0.3143552966791218	0.5472429394721985	0.7505800863023575	0.6704377280631293	0
PC1_PDAC51136656	S01	0.2849223911762237	0.4112330432015375	0.39150805685551604	0.2097771316766739	0.3851375242192778	0.4774445077471312	0.1974373906850814	0.1960841397552583	0.3413860343851513	0.3823716044425964	0.5032399137795509	0.4564948695446568	1
PC1_PDAC51395351	S00	0.2388103157281875	0.4175452517552084	0.2783263686417811	0.2348519265651703	0.09775754228306238	0.16305085876124747	0.1996958702802658	0.14001635092509962	0.0626578229689249	0.1532111316919326	0.1959803681777694	0.21184770406588718	0
PC1_PDAC60548693	S11	0.8668569922447205	0.6706446800678644	0.5616393068667	0.8115522861480713	0.4894733742971762	0.430482863634564	0.6285368800163269	0.40581402998336147	0.4660935831307223	0.8296860456466675	0.7215104582537111	0.8080393843367055	2
PC1_PDAC60555075	S00	0.2508116066455841	0.28974178602346445	0.11616794427798889	0.2863943576812744	0.15838912257649407	0.11951930922077784	0.2155507802963256	0.1745542593000196	0.08778072837632721	0.1956561952829361	0.2770562651791086	0.275450327609004	0
PC1_PDAC60570448	S10	0.8694989681243896	0.7405697789228849	0.6783534378882956	0.6786855459213257	0.8242862569317023	0.796535456903638	0.7089855670928955	0.36882510334993485	0.40547830413491226	0.824157178401947	0.8407821622951807	0.7613177089061743	1
PC2_PDAC17366689	S10	0.2809057235717773	0.18997567192806197	0.284963654902478	0.3477925360202789	0.12906316293711026	0.14511961116997676	0.3057328462600708	0.06474074223824165	0.27306721725165795	0.1641789674758911	0.29008010672298207	0.27389872461052917	1
PC2_PDAC2052782	S00	0.2956421077251434	0.4516804082909181	0.4070340618926853	0.3125232458114624	0.37328024266382875	0.40003016186869655	0.2283676415681839	0.15854351474883796	0.37799951847195	0.2719489932060241	0.5344372761895347	0.4750874546604947	0
PC2_PDAC2475972	S01	0.4246998727321625	0.21423409475876262	0.21547268180037352	0.1797984838485717	0.2064253628448539	0.05112181534670604	0.3214257359504699	0.0034466033451227337	0.18917153309550322	0.1562277227640152	0.3304812861839534	0.2951100792297362	1
PC2_PDAC2482265	S01	0.4808231294155121	0.2629247451613658	0.26071631993593414	0.1344520300626754	0.22611159527993668	0.19923642052056678	0.3147189915180206	0.21503786804118408	0.1815876008664181	0.3016548156738281	0.33425448115272893	0.2698049174157976	1
PC2_PDAC2540901	S00	0.1701894700527191	0.15844216347641482	0.22393760484162886	0.2787234187126159	0.1886886442874233	0.08479672864848438	0.2538240551948547	0.21996083013032486	0.18405597614132443	0.1632277071475982	0.21459049191014556	0.2859899681637427	0
PC2_PDAC2564973	S00	0.2127090841531753	0.19020705154285417	0.15666280417149456	0.2165248394012451	0.14096718595579819	0.13636872380756035	0.0708320438861846	0.09255400433522842	0.1523549160399012	0.1212629452347755	0.31848627113927397	0.26170248759895015	0
PC2_PDAC2574988	S00	0.1682769209146499	0.13269958972337592	0.11700844390831432	0.1276027411222458	0.0946700076590521	0.12133906934613585	0.1506039202213287	0.02453095036956891	0.08986722306524665	0.1262807101011276	0.29811794283181076	0.29805159687287147	0
PC2_PDAC2577546	S00	0.2553542554378509	0.16768212273640987	0.32558100190048633	0.1054425835609436	0.179344041871352	0.15571114431021865	0.0966664850711822	0.004455208611074111	0.1671586067061001	0.0425941012799739	0.17631959399888347	0.11607731650417136	0
PC2_PDAC2577997	S11	0.5129149556159973	0.42253175089727696	0.40872682430742946	0.5067375898361206	0.4350322653334801	0.57800214658249	0.3088229596614837	0.39446993684281767	0.19470724891417612	0.5762190222740173	0.7280907766984973	0.6230474686878	2
PC2_PDAC3112275	S10	0.3818372189998626	0.4765366319640965	0.3340752558465264	0.25420942902565	0.12532087357625976	0.23362873013583021	0.2151902318000793	0.1820661871506585	0.10453338391501962	0.4401258826255798	0.3837983469691523	0.38556599778210865	1
PC2_PDAC3116277	S00	0.4144116342067718	0.3027017379987464	0.2369563097247256	0.2981928884983063	0.24669795337596062	0.12046523825641002	0.2490037083625793	0.06344502954672246	0.13012451998454852	0.1714780777692794	0.4557513528818497	0.4145103781210034	0
PC2_PDAC3119446	S00	0.357397198677063	0.40164725706319004	0.30047626517468834	0.1089153811335563	0.19320466219488716	0.2516315336751667	0.110214851796627	0.2716492547001005	0.220748797806661	0.0767678841948509	0.3378308675454321	0.27765172437319124	0
PC2_PDAC3135181	S11	0.5297210812568665	0.49211295794307514	0.4567726370675804	0.2522174417972564	0.310545668974916	0.2647418777686622	0.2792158424854278	0.2199241297567573	0.12680576631259413	0.3762775957584381	0.43117816711199525	0.385960755923025	2
PC2_PDAC3150896	S11	0.5311855673789978	0.4225390314715025	0.42150278220941995	0.3927280604839325	0.2877033670242636	0.3607341912766851	0.351000428199768	0.15789477172779687	0.1387670713201821	0.6329888105392456	0.46380754213882786	0.4027243199478791	2
PC2_PDAC3160282	S00	0.2259625345468521	0.2753109447407185	0.2395753128703733	0.1634156256914138	0.2293875178449511	0.09163627615134673	0.1612647771835327	0.016532774852981956	0.1600411279511005	0.1098407655954361	0.24605753920215936	0.44419965349008583	0
PC2_PDAC3186149	S11	0.2697597742080688	0.2452598190497264	0.20505254040329715	0.2448103874921798	0.23109466344281576	0.17900405779689477	0.3238359093666076	0.20223110223110405	0.14384472494262562	0.3555808067321777	0.4814048022229957	0.4350583425643075	2
PC2_PDAC3188262	S10	0.3271583020687103	0.3009912051260359	0.23287910035410145	0.3382554650306701	0.29204542627845276	0.2065312869302557	0.1491002142429351	0.10188907138059944	0.11963429438543274	0.4674254059791565	0.3999668570011287	0.24170210049857904	1
PC2_PDAC3188402	S11	0.5029418468475342	0.3385485962293016	0.17769318123587702	0.2525266706943512	0.32289709736105404	0.07995100159816412	0.2847052812576294	0.23026235428501837	0.25738400099979525	0.5838944911956787	0.49748492038957504	0.37588266800102565	2
PC2_PDAC3189442	S01	0.14773590862751	0.23376149632864796	0.22481077355144025	0.2656513750553131	0.19971067494855577	0.02787708708311562	0.109011597931385	0.10376574196068174	0.14948405439796417	0.3217563033103943	0.42392399426767396	0.3749274863512299	1
PC2_PDAC3197789	S11	0.5764617919921875	0.24287801574074752	0.11819136931397159	0.2905191779136657	0.03510009105972681	0.0	0.1037349551916122	0.10614576569381966	0.0951062215477971	0.3525555431842804	0.18912937785751407	0.12572026109815224	2
PC2_PDAC3272045	S11	0.4330005645751953	0.32689782693353364	0.24634330195932466	0.3273597955703735	0.23062968851920124	0.37056452041397114	0.3265404105186462	0.005001268786903343	0.1306802240104181	0.5893664360046387	0.5654479575710408	0.4334660119517493	2
PC2_PDAC42237561	S00	0.134381502866745	0.44433525053628076	0.3364520020234223	0.1195048913359642	0.3304135493706321	0.25160602024452533	0.1769090145826339	0.20406711932136015	0.13911874051593134	0.1948933452367782	0.5032341860156296	0.3306957662548781	0
PC2_PDAC4410934	S01	0.6327531933784485	0.7413087602227633	0.6317407841471295	0.645913302898407	0.5306244308767107	0.5827719586883251	0.2764811515808105	0.3606504152513668	0.42537506532754604	0.6397078633308411	0.7778908938173336	0.7731088170331285	1
PC2_PDAC44953082	S01	0.3119264543056488	0.40546003020087085	0.45516337362780757	0.0860473290085792	0.3136272773393072	0.12732337077325295	0.4901317656040191	0.2743866303188324	0.27783947601626957	0.5187150835990906	0.46621060290626837	0.4697786878038145	1
PC2_PDAC46388018	S01	0.2258181422948837	0.4398532995460535	0.4586773235097429	0.2761350274085998	0.1398139993133228	0.2152239394507997	0.2915836572647095	0.18083759470163288	0.3903188804771653	0.4417609572410583	0.34075075755732587	0.44911955446361784	1
PC2_PDAC47480101	S00	0.1758313924074173	0.23292648440825225	0.21958798351031486	0.1691044270992279	0.11120227919316038	0.10389067160036096	0.1475476771593094	0.006912479402323489	0.10648724883935722	0.1325195580720901	0.20838779525877907	0.014343584253243346	0
PC2_PDAC47886918	S00	0.1362378299236297	0.3026983872588632	0.2574471817474149	0.1880828738212585	0.09075669139709676	0.13627259358463784	0.0895460769534111	0.16167564401656848	0.29304886441844086	0.1906898468732834	0.18435716154720583	0.24858066340937368	0
PC2_PDAC48057134	S11	0.1998436152935028	0.28496481007406427	0.21782284306040178	0.3246132433414459	0.17992049209780997	0.198249791406268	0.4036802351474762	0.24010735027684008	0.23479568589161318	0.5607410669326782	0.3304439296183179	0.26810594427126827	2
PC2_PDAC48961393	S00	0.263188362121582	0.34596439199276796	0.22005841679573715	0.1747151762247085	0.28459521878321237	0.07355961659012107	0.1030545458197593	0.18646834612642263	0.14068485991501745	0.1646101325750351	0.29066905253517916	0.34373489636570786	0
PC2_PDAC49128511	S00	0.1959267705678939	0.4118800700781318	0.43346055874491474	0.1880971640348434	0.1792430760122795	0.12956632902748108	0.1242854073643684	0.14028823412149763	0.2558273591765321	0.2079771012067794	0.5382237726832223	0.5228620275648008	0
PC2_PDAC49648551	S00	0.1681339144706726	0.277634226469717	0.31753542029704523	0.1901693046092987	0.12471532993081791	0.27257768353042044	0.1463226526975631	0.07796018623481649	0.1524004055231966	0.2932782471179962	0.3922816154682186	0.3645093281097219	0
PC2_PDAC49735295	S11	0.1654407232999801	0.2217527752104895	0.24171655903858058	0.2556422054767608	0.316830544462177	0.18265804260643265	0.1544884592294693	0.05895995669770735	0.1546637726782705	0.5989691019058228	0.39721545511039746	0.2935837531998175	2
PC2_PDAC50074894	S11	0.8058357238769531	0.7474617511479429	0.71472172678329	0.6922375559806824	0.7118183582379186	0.4801043924474616	0.577932596206665	0.422788476765092	0.522017655479561	0.998972237110138	0.8970127547938798	0.7994645711005367	2
PC2_PDAC50076790	S00	0.1426877677440643	0.4758589958553397	0.5574925094361571	0.4798608124256134	0.6122771268772323	0.550393286015377	0.3010017871856689	0.31619132663714933	0.07798558421851284	0.4745790660381317	0.6758779732437614	0.5944494072733825	0
PC2_PDAC50085530	S10	0.1643320322036743	0.26421473527382333	0.19145232378383825	0.158783346414566	0.0776861872844815	0.14721756209256354	0.1954917758703231	0.1343041347837527	0.17726542785041505	0.3106735944747925	0.3462262141512862	0.4269541963568332	1
PC2_PDAC50186712	S11	0.5034449100494385	0.35855228635364833	0.32838755641775913	0.4580869972705841	0.29574634128172894	0.31724074373330124	0.2712452709674835	0.22240269179781302	0.1423408863899083	0.4910006523132324	0.4976891822456774	0.4155063668566117	2
PC2_PDAC50216576	S10	0.5813697576522827	0.23838936539435576	0.2668352854196632	0.3486350476741791	0.22525498958397785	0.13397443490274097	0.1997439414262771	0.11526912395830465	0.12711874051592995	0.1574650406837463	0.2955779673524635	0.22240092878856382	1
PC2_PDAC50282664	S11	0.4985761046409607	0.3581993547360542	0.37218777752195487	0.4061942398548126	0.2648448217242289	0.22038223685959143	0.3316796422004699	0.24070704181270233	0.368488185363611	0.6384456157684326	0.36962427846293	0.3706234319250401	2
PC2_PDAC50282664_1	S11	0.4191799461841583	0.29964158301297295	0.29752109615409855	0.3378710448741913	0.1750352903356193	0.31331804562055704	0.5816150903701782	0.10927052948532866	0.19440422881384864	0.3513484895229339	0.3923651168101099	0.2864892884871248	2
PC2_PDAC51273695	S11	0.4921625852584839	0.23330669652380348	0.19460198392298267	0.3028835952281952	0.07307886369404006	0.08098035655714104	0.4269903600215912	0.16104979303729489	0.169242370878684	0.5011191368103027	0.13969713500548778	0.25679046434445807	2
PC2_PDAC51342262	S10	0.2645311057567596	0.23478791583473516	0.14899000627467301	0.1196900755167007	0.10578253452024249	0.11401633209334502	0.520838737487793	0.13191207788746848	0.2512940162548254	0.4195193648338318	0.29048178669409713	0.25307306284305475	1
PC2_PDAC51467355	S00	0.3156731724739074	0.13545888807322415	0.23606223070091703	0.0625915080308914	0.1460180628818387	0.07969119241445081	0.2600131630897522	0.006051631595708265	0.18254186740076955	0.2364956736564636	0.25851805699579133	0.3124477963485878	0
PC2_PDAC5199669	S11	0.2985233664512634	0.2895375452172786	0.1758050192415233	0.2197651863098144	0.10857805808463045	0.13476433804759166	0.2697196304798126	0.13148587670701006	0.22684101858224626	0.5311745405197144	0.3741891068944496	0.3721363660266276	2
PC2_PDAC5226113	S00	0.2166934460401535	0.26772496616228497	0.12977823895753174	0.2225229740142822	0.07188642911522979	0.16470531761029353	0.2553810179233551	0.11106278740084785	0.05075399631138867	0.5161017775535583	0.3402609437634009	0.3176388310730639	0
PC2_PDAC552883	S00	0.1866340041160583	0.24207256046238254	0.112230047861785	0.2746759355068207	0.07986236546298817	0.09540608061408251	0.1424078047275543	0.14040428760958945	0.074962063732928	0.1507234722375869	0.12123766448246064	0.15175791004172143	0
PC2_PDAC60075651	S10	0.9565393924713136	0.9158408555445732	0.8684321830783374	0.7421454191207886	0.9794468017593075	0.9775292241925492	0.5752304196357727	0.8153654255349179	0.6074842223793475	0.9030147790908812	0.8672189402361496	0.7606007153229186	1
PC2_PDAC60122032	S00	0.2165477871894836	0.4241502839080425	0.38282022607418237	0.1841872185468673	0.08384361611608142	0.1709567187785754	0.1881862580776214	0.12344493837337916	0.09121358109658127	0.102171666920185	0.40938380784444844	0.38382299579470663	0
PC2_PDAC60376304	S11	0.3901236355304718	0.3932421099828133	0.3143420605422722	0.3982645571231842	0.20368929226763743	0.20655603216924148	0.4102824330329895	0.06500239363804283	0.3790318880477155	0.6578298807144165	0.404778128667135	0.46369089183971207	2
PC2_PDAC60462165	S00	0.4710336029529571	0.710383169232205	0.8305723667620521	0.6091818809509277	0.8766504517720722	0.6946028491827777	0.4792174696922302	0.4624840598610439	0.5168157834365549	0.5070525407791138	0.9456966356383484	0.8556877499682477	0
PC2_PDAC60651816	S01	0.1973741203546524	0.20835568250067132	0.20381796473981756	0.2117487788200378	0.16879363548544501	0.2001876738496583	0.1710725575685501	0.10846187918068524	0.24386069812890881	0.5076354742050171	0.2618508659419852	0.25642510208106184	1
